product_name,product_price
"Samsung Galaxy A51 6.5-Inch (4GB,128GB ROM) Android10.0, (48MP +12MP + 5MP + 5MP) + 32MP Dual SIM - Prism Crush Black","₦ 132,990"
"Samsung Galaxy A10s 6.2-Inch (2GB,32GB ROM) Android 9.0, (13MP+2MP)+ 8MP Dual SIM 4000mAh 4G LTE Smartphone - Black (BF19)","₦ 52,000"
"Samsung Galaxy M11 6.4-Inch (3GB, 32GB ROM) Android 10, (13MP+5MP+2MP) + 8MP Dual SIM 5,000 MAh 4G - Black (PRE-ORDER)","₦ 62,200"
"Samsung Galaxy A20s 6.5-Inch (3GB,32GB ROM) Android 9 Pie, (13MP+8MP+ 5MP)+ 25MP 4000mAh  Smartphone - Black","₦ 73,000"
Samsung Galaxy S20 Ultra 6.9-Inch (12GB 128GB ROM) Android 10.0 (108MP + 48MP + 12MP + 0.3MP)+(40MP) Dual SIM 4G - Cosmic Black,"₦ 530,000"
"Samsung S20 ULTRA 6.9 INCH  ( 12GB RAM, 128GB ROM)  - COSMIC BLACK","₦ 519,999"
Samsung Galaxy S7 Edge 5.5'' QHD(4GB+32GB) 12MP+5MP 4G Smartphone-Silver,"₦ 68,500"
Samsung Galaxy S20 Ultra 6.9-Inch (12GB 128GB ROM) Android 10.0 (108MP + 48MP + 12MP + 0.3MP)+(40MP) Dual SIM 4G - Cosmic Black,"₦ 530,000"
"Samsung Galaxy S10 6.1-Inch AMOLED (6GB, 128GB ROM) Android 9.0 Pie, 12MP + 12MP + 16MP Dual SIM 4G Smartphone - Black","₦ 380,000"
"Samsung Galaxy Fold, 7.3-Inch (12GB RAM, 512GB ROM), (12MP + 12MP + 16MP) + (10MP + 8MP) Nano SIM - Cosmos Black","₦ 750,000"
"Samsung Galaxy Note 10 Plus (Note 10+) 6.8-Inch (12GB RAM, 256GB ROM), (12MP + 16MP) Dual SIM 4,300 MAh Smartphone - Aura Glow","₦ 469,999"
"Samsung Galaxy A71 6GB RAM 128GB ROM 6.7"" 4500mAh Dual Sim With 24 MONTH WARRANTY - Prism Crush Silver","₦ 179,990"
Samsung Galaxy S20 6.2-Inch (8GB 128GB ROM) Android 10.0 (12MP + 64MP + 12MP)+(10MP) Dual SIM 4G - Cloud Blue,"₦ 420,000"
Samsung Galaxy S20 Ultra 6.9-Inch (12GB 128GB ROM) Android 10.0 (108MP + 48MP + 12MP + 0.3MP)+(40MP) Dual SIM 4G - Cosmic Grey,"₦ 530,000"
Samsung Galaxy S20 Ultra 6.9-Inch (12GB 128GB ROM) Android 10.0 (108MP + 48MP + 12MP + 0.3MP)+(40MP) Dual SIM 4G - Cosmic Black,"₦ 520,000"
"Samsung Galaxy S10 Plus (8GB,128GB ROM) Android 9.0 Pie, 12MP + 12MP + 16MP Dual SIM 4G Fingerprint Smartphone - Prism White","₦ 350,000"
"Samsung Galaxy Note 10 Plus (Note 10+) 6.8-Inch (12GB RAM, 256GB ROM), (12MP + 16MP) Dual SIM 4,300 MAh Smartphone - Aura Black","₦ 390,000"
"Samsung Galaxy Note 10 Lite 6.7"" (6GB, 128GB), (32MP) + (12MP Tripple Rear Camera) Dual SIM 4,500 MAh 4G Smartphone - Aura Black","₦ 215,200"
"Samsung Galaxy S10 Plus (S10+) 6.4-Inch AMOLED (8GB, 128GB ROM) Android 9.0 Pie, 12MP + 12MP + 16MP Dual SIM 4G Smartphone - Prism Black","₦ 330,000"
Samsung Galaxy S6 4G LET Mobile Phones Octa Core 5.1inch 16MP 3GB RAM 32GB ROM Smartphone -white,"₦ 49,950"
"Samsung Galaxy M11 6.4-Inch (3GB, 32GB ROM) Android 10, (13MP+5MP+2MP) + 8MP Dual SIM 5,000 MAh 4G - Metallic Blue (PRE-ORDER)","₦ 62,200"
Samsung Galaxy S9 5.8'' Inch QHD 4GB+64GB 12MP+8MP 4G Smartphone-Gold,"₦ 132,900"
Samsung Galaxy S20 Ultra 6.9-Inch (12GB 128GB ROM) Android 10.0 (108MP + 48MP + 12MP + 0.3MP)+(40MP) Dual SIM 4G - Cosmic Grey,"₦ 570,000"
"Samsung Galaxy M30s 6.4 Inch 4GB, 64GB ROM,Android 9.0 Pie (48MP+5MP+8MP) + 16MP Dual SIM - White","₦ 100,000"
Samsung Galaxy S20 Ultra 6.9-Inch (12GB 128GB ROM) Android 10.0 (108MP + 48MP + 12MP + 0.3MP)+(40MP) Dual SIM 4G - Cosmic Grey,"₦ 520,000"
"Samsung Galaxy S20 Plus 6.7-Inch (8GB, 128GB ROM) Android 10.0 (64MP + 12MP + 12MP + 0.3MP)+(10MP) Dual SIM 4G - Cosmic Black","₦ 450,000"
Samsung Galaxy S20 Ultra 6.9-Inch (12GB 128GB ROM) Android 10.0 (108MP + 48MP + 12MP + 0.3MP)+(40MP) Dual SIM 4G - Cosmic Black,"₦ 540,000"
"Samsung Galaxy S9 Plus S9 Plus (6GB RAM, 64GB ROM) Android 8.0 Oreo, 12MP + 8MP Single Sim- 4G- Midnight Black","₦ 263,000"
Samsung Galaxy S20 Plus (S20+) 6.7-Inch (8GB 128GB ROM) Android 10 (12MP + 64MP + 12MP + 0.3MP)+(10MP) Dual SIM 4G - Cosmic Grey,"₦ 398,900"
"Samsung Galaxy A71 6GB RAM 128GB ROM 6.7"" 4500mAh Dual Sim With  - Prism Crush Silver","₦ 179,900"
"Samsung Galaxy Note 10 6.3-Inch (8GB RAM, 256GB ROM), (12MP + 16MP) Dual SIM 3,500 MAh Smartphone - Aura Glow","₦ 420,000"
"Samsung Galaxy Note 10 Plus (Note 10+) 6.8-Inch (12GB RAM, 256GB ROM), (12MP + 16MP) Dual SIM 4,300 MAh Smartphone - Aura White","₦ 390,000"
Samsung Galaxy Note 8 6.3'' QHD Smartphone (6GB+64GB) 12MP Android Phone-Grey,"₦ 129,990"
Samsung Galaxy S8 Plus Edge 6.2'' Inch QHD 4GB+64GB 12MP+8MP 4G Smartphone-Arctic Silver,"₦ 118,800"
Samsung Galaxy S8 Smartphone 12MP 4GB 64GB NFC Mobile Phone ,"₦ 94,990"
"Samsung Galaxy A71 6GB RAM 128GB ROM 6.7"" 4500mAh Dual Sim With 24 MONTH WARRANTY - Prism Crush Blue","₦ 179,900"
"Samsung Galaxy Note 10 Plus (Note 10+) 6.8-Inch (12GB RAM, 256GB ROM), (12MP + 16MP) Dual SIM 4,300 MAh Smartphone - Aura Black","₦ 365,000"
Samsung Galaxy S20 Plus (S20+) 6.7-Inch (8GB 128GB ROM) Android 10.0 (12MP + 64MP + 12MP + 0.3MP)+(10MP) Dual SIM 4G - Cosmic Black,"₦ 398,900"
"Samsung Galaxy Note 10 6.3-Inch (8GB RAM, 256GB ROM), (12MP + 16MP) Dual SIM 3,500 MAh Smartphone - Aura Black","₦ 330,000"
"Samsung Galaxy S9+ 6.2"" 6GB RAM + 64GB ROM Double 12MP Single SIM Smartphone - Black","₦ 139,900"
,
,
,
,
,
,
,
,
"Samsung Galaxy C9 Pro 4G Phablet 6"" Inch (6GB RAM 64GB ROM), Android 6.0 4000mAh Battery - Pink","₦ 74,999"
"Samsung Galaxy S10 6.1-Inch AMOLED (8GB, 128GB ROM) Android 9.0 Pie, 12MP + 12MP + 16MP Dual SIM 4G Fingerprint Smartphone - Prism White","₦ 280,000"
"Samsung Galaxy S10e 5.8-Inch AMOLED (6GB, 128GB ROM) Android 9.0 Pie, 12MP + 16MP Dual SIM 4G Fingerprint- Prism Black","₦ 190,000"
"Samsung Galaxy S10 6.1-Inch AMOLED (8GB RAM, 128GB ROM) Single Sim - Ceramic - Black","₦ 258,450"
"Samsung Galaxy A50s 6GB+128GB 6.4"" 48MP Triple+32MP Camera Exynos 9611 Octa Core 4000mAh-Black+Screen Protector","₦ 137,699"
"Samsung Galaxy A30s, 6.4-Inch (4GB RAM, 64GB ROM) Android 9.0 Pie, (25MP + 8MP + 8MP) 4G LTE Dual SIM - Prism Crush White","₦ 90,000"
Samsung Samsung Galaxy S9 5.8'' Inch QHD ( 4GB + 64GB ROM ) SMARTPHONE 12MP+8MP - Midnight Black,"₦ 155,000"
"Samsung Galaxy S6 Edge - 5.1"" - 16MP + 5MP - 32GB ROM + 3GB RAM - Smartphone - Gold","₦ 53,900"
Samsung Samsung Galaxy S8 Global Version LTE GSM 12MP 4GB 64GB NFC Mobile Phone,"₦ 94,990"
"Samsung Galaxy Note 10 6.3-Inch (8GB RAM, 256GB ROM), (12MP + 16MP) Dual SIM 3,500 MAh Smartphone - Aura Glow","₦ 340,990"
"Samsung Galaxy A71 6GB RAM 128GB ROM 6.7"" 4500mAh Dual Sim With 24 MONTH WARRANTY - Prism Crush Black","₦ 179,900"
Samsung Galaxy S8 (64GB ROM + 4GB RAM) Dual Sim 4G (Midnight Black),"₦ 175,500"
"Samsung Galaxy Note 10 Lite 6.7"" (6GB, 128GB), (32MP) + (12MP Triple Rear Camera) Dual SIM 4,500 MAh 4G Smartphone - Aura Glow","₦ 220,200"
"Samsung Galaxy Note 9 (6.4"") 128GB + 6GB Android 8.1 Nougat 12MP Camera Midnight Black","₦ 235,000"
"Samsung Galaxy Note 9 - (6GB+128GB)-6.4""- Android 8.1, (12MP+12MP), S-Pen & Back Case Cover + Screen Guide","₦ 245,000"
"Samsung Galaxy Note 9 - (6GB+128GB) - 6.4""- Android 8.1, (12MP+12MP), With S-Pen ,Single Sim,4G  LTE","₦ 199,900"
"Samsung Galaxy S10 6.1-Inch AMOLED (8GB, 128GB ROM) Android 9.0 Pie, (12MP + 12MP + 16MP)+10MP Dual SIM 4G Smartphone - Prism Black","₦ 310,000"
"Samsung Galaxy A51 (6.5'', Android 10.0, 128GB/4GB, Quad Camera:48MP+12MP+5MP+5MP. Selfie 32MP, 4000mAh, 4G)-Prism Crush White","₦ 132,990"
"Samsung Galaxy S8 Plus - 6.2"" 4GB RAM + 64GB ROM - 12MP - Single SIM Smartphone - Silver","₦ 115,900"
"Samsung Galaxy A50s 6GB+128GB 6.4"" 48MP Triple+32MP Camera Exynos 9611 Octa Core 4000mAh-Black","₦ 133,541"
"Samsung Galaxy S10e 5.8-Inch AMOLED (6GB, 128GB ROM) Android 9.0 Pie, (12MP + 16MP)+10MP Dual SIM 4G - White","₦ 199,999"
"Samsung Galaxy S7 Edge Smartphone - 5.5"" - 4GB RAM + 32GB ROM 12MP Single SIM - Silver","₦ 76,900"
"Samsung Galaxy A71 6.7-Inch (6GB, 128GB ROM) Android10.0, 64MP+12MP+5MP +5MP) + 32MP 4G LTE Dual SIM - Prism Crush Black ","₦ 190,000"
"Samsung Galaxy S8 - 5.8"" 4GB RAM + 64GB ROM - 12MP - Single SIM Smartphone - Silver","₦ 95,900"
"Samsung Galaxy A30s 6.4-inch (4GB,64GB),(25MP+8MP+5MP)+16MP, On-Screen Fingerprint 4G - Prism Crush Black","₦ 93,000"
"Samsung Galaxy A71 6GB RAM 128GB  ROM 6.7"" 4500mAh Dual Sim -FINGERPRINT- Prism Crush Blue","₦ 185,000"
Samsung Galaxy Note 9 6.4 Inch Single Sim (6GB+128GB) Andriod 4G Smartphone - Blue,"₦ 179,990"
Samsung Galaxy S9 5.8'' Inch QHD 4GB+64GB 12MP+8MP 4G Smartphone-Midnight Black,"₦ 132,900"
"Samsung Galaxy A51 (6.5'', Android 10.0, 128GB/4GB, Quad Camera:48MP+12MP+5MP+5MP. Selfie 32MP, 4000mAh, 4G)-Prism Crush Blue","₦ 132,990"
"Samsung Galaxy A50 6.4-Inch (4GB,128GB ROM) Android 9 Pie, (25MP+5MP+ 8MP)+ 25MP 4000mAh 4G Dual SIM Smartphone - Blue","₦ 115,000"
"Samsung Galaxy S7 Edge 5.5"" (4GB, 32GB ROM) 12MP + 5MP DUAL Sim - BLACK +Free Pouch","₦ 170,000"
"Samsung Galaxy A50 6.4-Inch (4GB,128GB ROM) Android 9 Pie, (25MP+5MP+ 8MP)+ 25MP 4000mAh 4G Dual SIM Smartphone - White","₦ 130,898"
"Samsung Galaxy Note Edge 5.6"" 4G LTE Mobile Phone 16MP RAM 3GB ROM 32GB - Black","₦ 49,900"
"Samsung Galaxy Note 9 6.4-Inch (6GB RAM, 128GB ROM) Android 8.1 (12MP + 12MP)","₦ 240,999"
"Samsung Galaxy A71 6GB RAM 128GB  ROM 6.7"" 64MP+12MP+5MP+5MP+32MP Android 10 4500mAh  Dual Sim - Prism Crush Black","₦ 190,000"
"Samsung Galaxy A2 Core Android 9.0 - Dual SIM,16GB +1GB RAM (5MP + 5MP) - Blue","₦ 32,000"
"Samsung Galaxy Note 8 6.3-Inch QHD (6GB,64GB ROM), (12MP + 12MP) + 8MP 4G LTE Smartphone - Blue","₦ 180,000"
"Samsung Galaxy S7 Edge Smartphone - 5.5"" - 4GB RAM + 32GB ROM 12MP Single SIM - Gold","₦ 68,900"
"Samsung Galaxy A9 6.3-Inch Full HD+ SAMOLED (6GB, 128GB ROM) Android 8.0 Oreo, 24MP + 24MP Dual SIM 4G - Lemonade Blue","₦ 125,000"
"Samsung Galaxy S9+ 6.2"" 6GB RAM + 64GB ROM Double 12MP Single SIM Smartphone - Gold","₦ 147,900"
,
,
,
,
,
,
,
,
"Samsung Galaxy A51 6.5-Inch (6GB,128GB ROM) Android10.0, (48MP +12MP + 5MP + 5MP) + 32MP Dual SIM - Prism Crush Pink","₦ 145,000"
"Samsung Galaxy S9+ 6.2"" 6GB RAM + 64GB ROM Double 12MP Single SIM Smartphone - Blue","₦ 142,900"
"Samsung Galaxy A71 6GB RAM 128GB  ROM 6.7"" 4500mAh Dual Sim - Prism Crush Black","₦ 185,000"
Samsung Samsung Galaxy S8 Global Version LTE GSM 12MP 4GB 64GB NFC Mobile Phone,"₦ 94,990"
"Samsung Galaxy Note 8 6.3-Inch QHD (6GB,64GB ROM), (12MP + 12MP) + 8MP 4G LTE Smartphone - Midnight Black ","₦ 180,000"
"Samsung Samsung Galaxy Note 9 Dual SIM - 128GB, 6GB RAM, 4G LTE, White","₦ 210,000"
"Samsung Samsung Galaxy S8 5.8-Inch QHD (4GB,64GB ROM) 12MP + 8MP 4G LTE Smartphone ( 2 Sim ) DUAL Sim - Royal Blue","₦ 130,000"
Samsung Galaxy Note 8 6.3'' QHD Smartphone (6GB+64GB) 12MP Android Phone-Gold,"₦ 129,990"
Samsung Galaxy J8 32GB ROM 3GB RAM 6.0 Inches 16+ 5MP Dual Rear Camera /16MP Front Camera Dual SIM - Black,"₦ 68,000"
Samsung Galaxy S6 4G LET Mobile Phones Octa Core 5.1inch 16MP 3GB RAM 32GB ROM Smartphone -Gold,"₦ 49,950"
"Samsung Galaxy A51 6.5-Inch (4GB,128GB ROM) Android10.0, (48MP +12MP + 5MP + 5MP) + 32MP Dual SIM - Prism Crush Blue","₦ 135,000"
"Samsung Galaxy A51 6.5-Inch (4GB,128GB ROM) Android10.0, (48MP +12MP + 5MP + 5MP) + 32MP Dual SIM - Prism Crush Blue","₦ 149,999"
"Samsung Galaxy M30s (SM-M307F/DS) Dual SIM 64GB/4GB RAM,6.4"", (48MP+5MP+8MP) Ultra-wide Triple Camera + 16MP Front,6000mAh-white","₦ 100,000"
"Samsung Galaxy S8 Plus - 6.2"" 4GB RAM + 64GB ROM - 12MP - Single SIM Smartphone - Grey","₦ 119,900"
"Samsung Galaxy A70 6GB+128GB 6.7"" 32MP Triple Cameras Snapdragon 675 Octa Core Fingerprint Unlock 25W Quick Charge 4500mAh-Black","₦ 159,600"
"Samsung Galaxy A01 5.7-Inch Infinity-V (2GB,16GB ROM) Android 10.0, (13MP+2MP) + 5MP Selfie Dual SIM,3000mAh,4G BLUE","₦ 46,800"
"Samsung Galaxy A31-(128GB+4) 6.4"" FHD + 4 Rear Camera (48+5+8+5)MP,+ 20MP, 5000mAh, Dual SIM 4G LTE ,A315G Prism Crush Black","₦ 113,400"
"Samsung Galaxy Note 8 6.3-Inch QHD (6GB,64GB ROM) - Midnight Black ","₦ 159,999"
"Samsung Galaxy A51 6.5-Inch (4GB,128GB ROM) Android10.0, (48MP +12MP + 5MP + 5MP) + 32MP Dual SIM - Prism Crush Blue","₦ 132,900"
"Samsung Galaxy S6 Edge 5.1"" Curved Screen 32GB ROM 16MP Phone - Black","₦ 59,900"
"Samsung Galaxy A51 (4GB 128GB) Dual Sim, 4000mAh, Android 10.0, 6.5'' - Prism Crush Black","₦ 140,000"
Samsung Galaxy C5 C5000 4G LTE Smartphone Super AMOLED 5.2 Inch Snapdragon 617 Octa Core 16MP Camera Cell Phone- Gold,"₦ 46,990"
Samsung Galaxy S9 5.8'' Inch QHD ( 4GB + 64GB ROM ) 12MP+8MP -Purple,"₦ 132,900"
Samsung Galaxy S7 G930A / T / V 5.1 Inch 4GB RAM 32GB ROM-GOLDEN,"₦ 61,730"
Samsung Samsung Galaxy A10s 2gb Ram/ 32gb - 6.2 4000mah - Black,"₦ 58,500"
"Samsung Galaxy Note9 - 6.4"" 6GB RAM + 128GB ROM Dual 12MP Single SIM Smartphone - Black","₦ 169,900"
Samsung Galaxy Note 4 LTE Smartphone 5.7 Inch 16MP 3GB 32GB -White,"₦ 53,900"
"Samsung Galaxy S8 - 5.8"" 4GB RAM + 64GB ROM - 12MP - Single SIM Smartphone - Grey","₦ 95,900"
Samsung Galaxy S7 Edge 5.5'' QHD(4GB+32GB) 12MP+5MP 4G Smartphone-Black,"₦ 68,500"
"Samsung Galaxy Tab A, 8.0 Inch, 2GB RAM 32GB ROM, Android 9.0, 8MP, Battery 5100mAh SILVER","₦ 70,000"
Samsung Galaxy Note 5  5.7'' Inch 4GB RAM 32GB ROM 16.0MP LTE 4G Android Smartphone -Gold,"₦ 66,990"
Samsung Galaxy Note 5 5.7 '' 16MP 4GB RAM 32GB ROM 4G LTE - White,"₦ 66,900"
"Samsung Galaxy M11 6.4-Inch (3GB, 32GB ROM) Android 10, (13MP+5MP+2MP) + 8MP Dual SIM 5,000 MAh 4G - Black","₦ 63,990"
"Samsung Galaxy S8 Plus - 6.2"" 4GB RAM + 64GB ROM - 12MP - Single SIM Smartphone - Black","₦ 115,900"
"Samsung Galaxy A20s,  Dual Sim, 6.5"" HD+, (32gb+3gb Ram) 13MP + 5MP+ 8MP Rear Camera / 8MP Front Camera,  4G LTE - Black","₦ 78,000"
"Samsung Galaxy S6 5.1"" Inch LTE 3GB RAM 32GB ROM 16MP Android Phone","₦ 49,900"
Samsung Galaxy Note 8 6.3'' QHD Smartphone (6GB+64GB) 12MP Android Phone-Blue,"₦ 129,990"
"Samsung Galaxy S7 Edge Smartphone - 5.5"" - 4GB RAM + 32GB ROM 12MP Single SIM - Black","₦ 68,900"
"Samsung Galaxy A10s 6.2-Inch (2GB RAM, 32GB ROM) Android 9.0 Pie, (13MP + 2MP) + 8MP, 4000 MAh 4G LTE, Dual Sim - Blue","₦ 58,000"
"Samsung Samsung Galaxy S8 Octa Core 5.8"" 12MP RAM+8MP Smartphone 4GB +64GB-Pink (refurbished)","₦ 105,999"
,
,
,
,
,
,
,
,
Samsung Galaxy Note 8 6.3'' QHD Smartphone (6GB+64GB) 12MP Android Phone-Black,"₦ 129,990"
"Samsung Galaxy J6 Plus 6-Inch HD+ Super AMOLED (3GB,32GB ROM) (13MP + 5MP) + 8MP, Dual SIM 4G LTE Smartphone - Red","₦ 68,000"
"Samsung Galaxy A30s 6.4'' (4GB,64GB ROM) Android 9.0, (25MP+8MP+5MP)+16MP Dual SIM 4000mAh 4G LTE Smartphone Prism  Black","₦ 105,000"
Samsung Galaxy C5 / C5000 4G Smartphone Octa Core 4GB RAM 32GB ROM-ROSE GOLD,"₦ 65,680"
Samsung Galaxy S4 I9507V 4G Smartphone 5.0'' 2600mAh FHD 13MP+2MP 2GB+16GB Mobile Phone-White,"₦ 23,990"
"Samsung Galaxy S8 - 5.8"" 4GB RAM + 64GB ROM - 12MP - Single SIM Smartphone - Black","₦ 95,900"
"Samsung Galaxy S6 5.1"" Inch LTE 3GB RAM 32GB ROM 16MP Phone - White","₦ 49,900"
"Samsung Galaxy J8 (64gb+4gb Ram)-16MP+5MP Dual Rear Camera + 16MP Front -6''- 4G LTE, 3500mAH - Android 8.0 - Blue","₦ 80,000"
Samsung SAMSUNG EVO Microsd Card 128GB 100Mb/s Class10 U3 U1 SDXC,"₦ 10,343"
"Samsung 4pcs Of Samsung Galaxy A51 6.5-Inch (4GB,128GB ROM) Android10.0, (48MP +12MP + 5MP + 5MP) + 32MP Dual SIM - Crush Black","₦ 570,500"
"Samsung Galaxy S6 Edge - 5.1"" - 12MP + 5MP - 32GB ROM + 3GB RAM - Smartphone - Green","₦ 55,599"
"Samsung Galaxy S6 Edge 5.1"" Curved Screen 32GB ROM 16MP Phone - Gold","₦ 59,800"
Samsung Galaxy A2 Core Android SmartPhone - 5 Inches Screen Display Wide - 1GB RAM 16GB Internal Storage - Dual Sim - Blue,"₦ 42,750"
"Samsung Galaxy A71 6.7-Inch (6GB, 128GB ROM) Android10.0, 64MP+12MP+5MP +5MP) + 32MP 4G LTE Dual SIM - Prism Crush Black","₦ 185,000"
Samsung Galaxy A2 Core Android SmartPhone - 5 Inches Screen Display Wide - 1GB RAM 16GB Internal Storage - Dual Sim - Dark Grey,"₦ 48,300"
"Samsung Galaxy A9 6.3-Inch Full HD+ SAMOLED (6GB, 128GB ROM) Android 8.0 Oreo, 24MP + 24MP Dual SIM 4G - Lemonade Blue","₦ 125,000"
"Samsung Galaxy S8 Plus 6.2-Inch (4GB RAM, 64GB ROM) Android 7.0 Nougat, 12MP+8MP, 4G LTE - Midnight Black Plus Glass&smart Case","₦ 162,000"
"Samsung Samsung Galaxy S10 6.1-Inch AMOLED (8GB,128GB ROM) Android 9.0 Pie, 12MP + 12MP + 10MP Dual SIM","₦ 338,500"
Samsung Galaxy A10s 6.2-Inches Screen Display Android 9.0 Dual Sim SmartPhone - 2GB RAM 32GB Internal Storage,"₦ 91,800"
Samsung Galaxy A2 Core Android SmartPhone - 5 Inches Screen Display Wide - 1GB RAM 16GB Internal Storage - Dual Sim - Blue,"₦ 48,300"
"Samsung Galaxy A51 6.5-Inch (4GB,128GB ROM) Android10.0, (48MP +12MP + 5MP + 5MP) + 32MP Dual SIM - Prism Crush Blue","₦ 189,999"
Samsung Galaxy A10s 6.2-Inches Screen Display Android 9.0 Dual Sim SmartPhone - 2GB RAM 32GB Internal Storage,"₦ 91,500"
"Samsung Galaxy S8 Plus 6.2-Inch (4GB RAM, 64GB ROM) Android 7.0 Nougat, 12MP+8MP, 4G LTE - Midnight Black Plus Free Glass&case.","₦ 145,000"
Samsung Galaxy A2 Core Android SmartPhone - 5 Inches Screen Display Wide - 1GB RAM 16GB Internal Storage - Dual Sim - Blue,"₦ 42,300"
"Samsung Galaxy A71 6GB RAM 128GB  ROM 6.7"" 4500mAh Dual Sim -FINGERPRINT- Prism Crush Blue","₦ 209,999"
"Samsung Samsung Galaxy A2 Core 5"" 1GB RAM 16GB ROM 5MP + 5MP Camera Dual Sim 2600Mah","₦ 36,000"
"Samsung Galaxy Note 10 6.3-Inch (8GB RAM, 256GB ROM), (12MP + 16MP) Dual SIM 3,500 MAh Smartphone - Aura White","₦ 389,999"
"Samsung Galaxy S8 5.8-Inch QHD (4GB,64GB ROM) Android 7.0 Nougat, 12MP + 8MP Dual SIM LTE - Maple Gold","₦ 160,000"
"Samsung Galaxy S10 Plus (S10+) 6.4-Inch AMOLED (8GB, 128GB ROM) Android 9.0 Pie, (12MP + 12MP + 16MP)+(10MP+8MP) Dual SIM 4G Smartphone - Prism Blue","₦ 419,999"
Samsung Galaxy S9 4GB+64GB 5.8 Inch Midnight Black Used Phone 99% New Single Sim 4G Android Smartphone,"₦ 122,100"
Samsung Galaxy S9 4GB+64GB 5.8 Inch Coral Blue Used Phone 99% New Single Sim 4G Android Smartphone,"₦ 122,100"
"Samsung Galaxy S8 5.8-Inch QHD (4GB,64GB ROM) Android 7.0 Nougat, 12MP + 8MP Dual SIM LTE - Maple Gold","₦ 160,000"
"Samsung Galaxy A51 (4GB 128GB) Dual Sim, 4000mAh, Android 10.0, 6.5'' - Prism Crush Black","₦ 144,000"
"Samsung Galaxy Note8 Smartphone 6.3""  6GB RAM + 64GB ROM 12MP + 12MP Single SIM - Blue","₦ 143,000"
Samsung Galaxy A2 Core Android SmartPhone - 5 Inches Screen Display Wide - 1GB RAM 16GB Internal Storage - Dual Sim - Dark Grey,"₦ 42,300"
Samsung Galaxy A10s 6.2-Inches Screen Display Android 9.0 Dual Sim SmartPhone - 2GB RAM 32GB Internal Storage,"₦ 74,800"
"Samsung Galaxy A71- 6GB RAM- 128GB  ROM 6.7"" 4500mAh Dual Sim - Fingerprint- Prism Crush Black","₦ 211,999"
"Samsung Galaxy Note8 Smartphone 6.3""  6GB RAM + 64GB ROM 12MP + 12MP Single SIM - Black","₦ 139,000"
"Samsung Galaxy Note8 Smartphone 6.3""  6GB RAM + 64GB ROM 12MP + 12MP Single SIM - Grey","₦ 139,000"
"Samsung Galaxy Note8 Smartphone 6.3""  6GB RAM + 64GB ROM 12MP + 12MP Single SIM - Black","₦ 139,900"
,
,
,
,
,
,
,
,
"Samsung Galaxy Note8 Smartphone 6.3""  6GB RAM + 64GB ROM 12MP + 12MP Single SIM - Blue","₦ 139,900"
"Samsung Galaxy S9+ 6.2"" 6GB RAM + 64GB ROM Double 12MP Single SIM Smartphone - Purple","₦ 142,900"
"Samsung Galaxy A60 6GB+64GB 6.3"" 32MP Triple Cameras Snapdragon 675 15W QC 3500mAh-Blue + 2 Pcs Screen Protector","₦ 115,240 - ₦ 115,259"
"Samsung Galaxy A2 Core Dual Sim 5"" - 16gb+1gb - 4G LTE Black","₦ 39,500"
"Samsung Galaxy Note8 Smartphone 6.3""  6GB RAM + 64GB ROM 12MP + 12MP Single SIM - Grey","₦ 139,900"
"Samsung Galaxy S6 Edge - 5.1"" - 16MP + 5MP - 32GB ROM + 3GB RAM - Smartphone - Green","₦ 54,900"
"Samsung Galaxy S20 6.2-Inch (8GB 128GB ROM) Android 10.0 (12MP + 64MP + 12MP)+(10MP)  4G, Dual SIM  - Cosmic Gray","₦ 420,000"
"Samsung Galaxy A6s 6GB+128GB 6.0"" 12MP+5MP AI Dual Camera Snapdragon 660 Octa Core Face&Fingerprint ID Unlock 3300mAh-Black","₦ 105,288"
"Samsung Galaxy S9+ 6.2"" 6GB RAM + 64GB ROM Double 12MP Single SIM Smartphone - Black","₦ 149,900"
"Samsung Galaxy S8 Plus (S8+) - 5.8 Inches (4GB,64GB ROM)  - Maple Gold","₦ 179,900"
"Samsung Galaxy A01- 5.7-Inch (2GB RAM, 16GB ROM), (2MP + 13MP) Dual SIM 3,000 MAh Smartphone ","₦ 51,000"
"Samsung Galaxy S8 - 5.8"" 4GB RAM + 64GB ROM - 12MP - Single SIM Smartphone - Gold","₦ 99,900"
Samsung Galaxy S8 Plus (S8+) 6.2 Inches Android 8.0(Oreo) 4G LTE (4GB RAM 64GB ROM) Single Sim - Black+Free Pouch,"₦ 190,000"
Samsung Samsung Galaxy S9+ ( S9 Plus ) Duel Sim ( 2 Sim Card)6.2'' Inch QHD 6GB+64GB 12MP+8MP 4G Smartphone - Royal Blue,"₦ 190,000"
Samsung 10000mAh   USB   External Battery Mini Portable,"₦ 9,918"
"Samsung Galaxy S7 Edge 5.5"" Inch 4GB RAM 32GB ROM Lte Phone - Gold","₦ 79,900"
Samsung Galaxy Note 4  LTE Smartphone 5.7 Inch 16MP 3GB 32GB  Mobile Phone -Black,"₦ 53,990"
"Samsung Galaxy S7 Edge 5.5"" Inch 4GB RAM 32GB ROM Lte Phone - Black","₦ 79,900"
Samsung Galaxy S4 I9507V 4G Smartphone 5.0'' 2600mAh FHD 13MP Camera 2GB RAM 16GB ROM Mobile Phone,"₦ 89,000"
"Samsung Galaxy S9 5.8-Inch QHD (4GB, 64GB ROM) Android 8.0 Oreo, 12MP + 8MP SINGLE SIM 4G LTE- BLUE +Free Pouch","₦ 250,000"
"Samsung Galaxy Note 10 6.3-Inch (8GB RAM, 256GB ROM), (12MP + 16MP) Dual SIM 3,500 MAh Smartphone - Aura Glow","₦ 440,000"
"Samsung Galaxy S7 Edge 4GB RAM 32GB ROM 5.5"" Inch LTE Mobile Phone 12.0 MP Android Quad Core -silver","₦ 79,900"
"Samsung A2core, 5.0inches, 16gb-1GbRam, 4LTE, Blue","₦ 38,500"
Samsung Galaxy S7 Smartphone Straight Screen 5.1'' 32GB ROM Quad Core 4G LTE Fingerprint -Silver,"₦ 64,900"
"Samsung Galaxy Note 8 6.3-Inch QHD (6GB,64GB ROM) Android 7.1 Nougat, (12MP + 12MP) + 8MP Dual SIM 4G LTE - Maple Gold","₦ 185,000"
Samsung Flip Case For  Galaxy J7 Prime Black,"₦ 9,500"
"Samsung Samsung Galaxy S8 Octa Core 5.8"" 12MP RAM+8MP Smartphone 4GB +64GB-Silver (refurbished)","₦ 105,999"
Samsung Wireless Bluetooth Earpiece,"₦ 6,500"
"Samsung Galaxy S9 5.8-Inch QHD (4GB, 64GB ROM) Android 8.0 Oreo, 12MP + 8MP Single SIM 4G LTE Smartphone - Blue+free Pouch","₦ 250,000"
"Samsung Galaxy Fold, 7.3-Inch (12GB RAM, 512GB ROM), (12MP + 12MP + 16MP) + (10MP + 8MP) Nano SIM - Cosmos Black","₦ 790,000"
"Samsung Galaxy A01 5.7 -Inch Infinity-V Display (2GB,16GB ROM) Android 10.0, (13MP+2MP) + 5MP  Dual SIM - Blue","₦ 58,500"
"Samsung Galaxy S7 Edge 5.5"" Inch 4GB RAM 32GB ROM Lte Phone - White","₦ 79,900"
Samsung Galaxy S7 Smartphone Straight Screen 5.1'' 32GB ROM Quad Core 4G LTE Fingerprint,"₦ 64,900"
Samsung Galaxy S7 Edge G935 Quad Core 5.5' Smartphone 4G LTE ROM 32GB 12MP  White,"₦ 124,360"
Samsung Galaxy S9 Plus Single Sim 6.2'' Inch QHD 6GB Ram+64GB Rom 12MP+8MP 4G Smartphone-Midnight Black,"₦ 195,000"
"Samsung Galaxy S9 5.8-Inch QHD (4GB, 64GB ROM) Android 8.0 Oreo, 12MP + 8MP Dual SIM 4G LTE- BLUE +Free Pouch","₦ 250,000"
"Samsung Z FLIP  6.7-  INCH  DUAL SIM ( 8GB RAM, 256GB ROM) - MIRROR BLACK","₦ 600,000"
"Samsung Galaxy S6 5.1"" Inch LTE 3GB RAM 32GB ROM 16MP Phone - Gold","₦ 49,900"
Samsung Galaxy S9 Dual Sim 5.8'' Inch QHD 4GB+64GB 12MP+8MP 4G Smartphone-Gold,"₦ 152,900"
Samsung Galaxy S9 Dual Sim 5.8'' Inch QHD 4GB+64GB 12MP+8MP 4G Smartphone-Black,"₦ 152,900"
,
,
,
,
,
,
,
,
"Samsung Galaxy S6 Edge - 5.1"" - 16MP + 5MP - 32GB ROM + 3GB RAM - Smartphone - Black","₦ 53,900"
"Samsung Galaxy S8 Plus - 6.2"" 4GB RAM + 64GB ROM - 12MP - Single SIM Smartphone - Grey","₦ 115,900"
Samsung Galaxy S6 Edge+ Plus Bluetooth Keyboard Cover Case,"₦ 12,000"
Samsung Wallet Card Holder Men Women Red Soft Synthetic Leather Flip Case Cover For Samsung Galaxy S3 S4 S5 Note3,"₦ 3,981"
"Samsung Galaxy S8 Plus (S8+) - 5.8 Inches (4GB,64GB ROM)  - Midnight Black","₦ 179,900"
"Samsung Galaxy S9 5.8-Inch QHD (4GB, 64GB ROM) Android 8.0 Oreo, 12MP + 8MP Dual SIM 4G LTE Smartphone - Purple+free Pouch","₦ 250,000"
"Samsung Galaxy S9 Plus (S9+) 6.2-Inch QHD (6GB,64GB ROM Android 8.0 Oreo, 12MP + 8MP Single SIM 4G LTE - Blue + Free Pouch","₦ 310,000"
"Samsung Galaxy S9 Plus (S9+) 6.2-Inch QHD (6GB,64GB ROM Android 8.0 Oreo, 12MP + 8MP Dual SIM 4G LTE - Black + Free Pouch","₦ 310,000"
"Samsung Galaxy A6s 6GB+64GB 6.0"" 12MP+5MP AI Dual Camera Snapdragon 660 Octa Core Face&Fingerprint ID Unlock 3300mAh-Blue","₦ 91,199"
"Samsung Galaxy A9 6.3"" Full HD+ SAMOLED (6GB, 128GB ROM) Android 8.0 Oreo, 24MP+24MP Dual SIM 4G","₦ 124,000"
"Samsung Galaxy A71(6GB RAM +128GB ROM) - 6.7"" Amoled - 4500mAh - 64mp/12mp/5mp/5mp + 32mp- Prism Crush Black","₦ 210,000"
Samsung Samsung Galaxy S9+ ( S9 Plus ) Duel Sim 6.2'' Inch QHD 6GB+64GB 12MP+8MP 4G Smartphone - Midnight Black,"₦ 190,000"
"Samsung Galaxy A51 6.5-Inch (4GB,128GB ROM) Android10.0, (48MP +12MP + 5MP + 5MP) + 32MP Dual SIM - Prism Crush White","₦ 140,000"
Samsung Galaxy Note 5 5.7 '' 16MP 4GB RAM 32GB ROM 4G LTE -Black,"₦ 66,900"
"Samsung Galaxy S7 Edge 4GB RAM 32GB ROM 5.5"" Inch LTE Mobile Phone 12.0 MP Android Quad Core -Black","₦ 79,900"
"Samsung Galaxy A71 6.7-Inch (6GB, 128GB ROM) Android10.0, 64MP+12MP+5MP +5MP) + 32MP 4G LTE Dual SIM - Prism Crush Blue","₦ 190,000"
"Samsung Galaxy A6s 6GB+64GB 6.0"" 12MP+5MP AI Dual Camera Snapdragon 660 Octa Core Face&Fingerprint ID Unlock 3300mAh-Black","₦ 91,199"
"Samsung Galaxy A51 6.5-Inch (4GB,128GB ROM) Android10.0, (48MP +12MP + 5MP + 5MP) + 32MP Dual SIM - Prism Crush White","₦ 140,000"
"Samsung Galaxy S8 5.8-Inch QHD (4GB,64GB ROM) 12MP + 8MP 4G LTE Smartphone Dual Sim - Purple+Free Pouch","₦ 170,000"
"Samsung Galaxy Note 10 6.3-Inch (8GB RAM, 256GB ROM), (12MP + 16MP) Dual SIM 3,500 MAh Smartphone - Aura Glow","₦ 420,000"
"Samsung Galaxy Note 9 6.4-Inch (6GB RAM, 128GB ROM) Android 8.1 (12MP + 12MP)","₦ 270,000"
"Samsung Galaxy S9 Plus (S9+) 6.2Inch QHD ( 64gb) Android 8.0 Oreo, 12MP + 8MP Dual SIM 4G Smartphone (With 24 Months Warranty) Titanium Gray","₦ 310,000"
Samsung Replacement Battery For Note 3- 3200Mah,"₦ 4,000"
"Samsung Galaxy S9 5.8"" QHD (4GB+64GB ROM)  12MP + 8MP, Android 8.0 Oreo,Single SIM 4G Smartphone","₦ 240,000"
Samsung Samsung Galaxy S9 Plus Black,"₦ 250,000"
"Samsung Galaxy A01- 5.7-Inch (2GB RAM, 16GB ROM), (2MP + 13MP) Dual SIM 3,000 MAh Smartphone - Black","₦ 59,500"
"Samsung Galaxy S9 5.8-Inch QHD (4GB, 64GB ROM) Android 8.0 Oreo, 12MP + 8MP Dual SIM 4G LTE- Midnight Black+Free Pouch","₦ 250,000"
"Samsung Galaxy Note 10 Plus (Note 10+), 6.8-Inch (12GB RAM, 256GB ROM), (12MP + 12MP + 16MP) Dual SIM - Aura Glow","₦ 400,000"
Samsung HM1000 Bluetooth Stereo Headset,"₦ 5,500"
Samsung S5  FLIP CASE GOLD WITH SENSOR,"₦ 12,500"
Samsung Galaxy Note 5  5.7'' Inch 4GB RAM 32GB ROM 16.0MP LTE 4G Android Smartphone,"₦ 66,990"
"Samsung Galaxy Note 8 6.3-Inch QHD (6GB,64GB ROM), (12MP + 12MP) + 8MP 4G LTE Smartphone - Midnight Black","₦ 180,000"
Samsung Galaxy S7 Edge (4GB Ram 32GB Rom) Gold Platinuim,"₦ 150,000"
"Samsung Galaxy S8 5.8-Inch QHD (4GB,64GB ROM) Android 7.0 Nougat, 12MP + 8MP SINGLE SIM-Blue +Free Pouch","₦ 150,000"
"Samsung Galaxy S6 Edge 5.1"" Curved Screen 32GB ROM 16MP Phone - White","₦ 59,900"
Samsung Galaxy S7 Smartphone Straight Screen 5.1'' 32GB ROM Quad Core 4G LTE Fingerprint -white,"₦ 64,900"
"Samsung Galaxy S10 Plus 6.4"" AMOLED (8GB, 128GB ROM) Android 9.0 Pie, (12MP + 12MP + 16MP)+(10MP+8MP) Dual SIM 4G  - Prism Blue ","₦ 330,000"
"Samsung Galaxy Note 9 6.4"" 128GB - 6GB RAM Android 8.1 Nougat 12MP Camera - Ocean Blue","₦ 353,000"
"Samsung Galaxy S8 5.8-Inch QHD (4GB,64GB ROM) 12MP + 8MP 4G LTE Smartphone Single Sim - Coral Blue+Free Pouch","₦ 170,000"
"Samsung Galaxy S10 Dual Sim - 128GB, 8GB RAM, 4G LTE, Prism White","₦ 302,000"
,
,
,
,
,
,
,
,
"Samsung Galaxy S8 Plus  Back Case, High Standard Quality .Stain, Scratch Resistant. 100 Percent Durability,  Stain And Scratch Resistant.","₦ 7,000"
"Samsung Galaxy A70 6GB+128GB 6.7"" 32MP Triple Cameras Snapdragon 675 Octa Core Fingerprint Unlock 25W Quick Charge 4500mAh-White","₦ 159,600"
Samsung Galaxy Note 5  5.7'' Inch 4GB RAM 32GB ROM 16.0MP LTE 4G Android Smartphone -white,"₦ 66,990"
"Samsung Galaxy S8 - 5.8"" 4GB RAM + 64GB ROM - 12MP - Single SIM Smartphone - Black","₦ 97,900"
"Samsung Galaxy A2 Core 5"" 1GB RAM 16GB ROM 5MP + 5MP Camera Dual Sim 2600Mah  - Dark Gray","₦ 38,600"
"Samsung Galaxy Note9 6.4"" (6GB RAM, 128GB ROM) Android 8.1 Nougat 12MP+12MP Dual SIM LTE Smartphone- Black","₦ 370,000"
"Samsung Galaxy S7 Edge 4GB RAM 32GB ROM 5.5"" Inch LTE Mobile Phone 12.0 MP Android Quad Core -white","₦ 79,900"
"Samsung Galaxy S9+ 6.2"" 6GB RAM + 64GB ROM Double 12MP Single SIM Smartphone - Gold","₦ 149,900"
"Samsung Galaxy S9 5.8-Inch QHD (4GB, 64GB ROM) Android 8.0 Oreo, 12MP + 8MP Single SIM 4G Smartphone - Midnight Black","₦ 158,990"
"Samsung Galaxy Note 10 Plus (Note 10+), 6.8-Inch (12GB RAM, 256GB ROM), (12MP + 12MP + 16MP) Dual SIM - Aura White","₦ 400,000"
Samsung Galaxy Note 4 LTE Smartphone 5.7 Inch 16MP 3GB 32GB,"₦ 53,900"
"Samsung Galaxy A51 6.5-Inch (4GB,128GB ROM) Android10.0, (48MP +12MP + 5MP + 5MP) + 32MP Dual SIM - Prism Crush White","₦ 140,000"
Samsung Galaxy S7 Smartphone Straight Screen 5.1'' 32GB ROM Quad Core 4G LTE Fingerprint -gold,"₦ 64,900"
"Samsung Galaxy S9 5.8-Inch QHD (4GB, 64GB ROM) Android 8.0 Oreo, 12MP + 8MP Single SIM 4G LTE Smartphone - Black+free Pouch","₦ 250,000"
"Samsung Galaxy Note 8 6.3-Inch QHD (6GB,128GB ROM) (12MP + 12MP) + 8MP Dual SIM 4G LTE - Midnight Black","₦ 286,100"
"Samsung Galaxy S8 5.8-Inch QHD (4GB,64GB ROM) Android 7.0 Nougat, 12MP + 8MP DUAL SIM-Blue +Free Pouch","₦ 150,000"
Samsung Galaxy S9 5.8'' Inch QHD 4GB+64GB 12MP+8MP 4G Smartphone-Gray,"₦ 132,900"
"Samsung Galaxy A71 6.7-Inch (6GB, 128GB ROM) Android10.0, 64MP+12MP+5MP +5MP) + 32MP 4G LTE Dual SIM - Prism Crush Blue","₦ 190,000"
"Samsung Galaxy S8 5.8-Inch QHD (4GB,64GB ROM) 12MP + 8MP 4G LTE Smartphone DUAL Sim - Coral Blue+Free Pouch","₦ 170,000"
"Samsung Galaxy Note 10 Lite 6.7"" (6GB, 128GB), (32MP) + (12MP Tripple Rear Camera) Dual SIM 4,500 MAh 4G Smartphone - Aura Black","₦ 270,000"
"Samsung Galaxy Fold, 7.3-Inch (12GB RAM, 512GB ROM), (12MP + 12MP + 16MP) + (10MP + 8MP) Nano SIM - Cosmos Black","₦ 665,000"
"Samsung Galaxy S7 5.1"" Lte Phone 12MP 4GB RAM 32GB ROM Fingerprint  - Black","₦ 64,900"
Samsung Galaxy Note 9 6.4 Inch Single Sim (6GB+128GB) Andriod 4G Smartphone - Purple,"₦ 179,990"
"Samsung Galaxy S8 Plus - 6.2"" 4GB RAM + 64GB ROM - 12MP - Single SIM Smartphone - Black","₦ 119,900"
"Samsung Galaxy M30s (SM-M307F/DS) Dual SIM 64GB/4GB RAM,6.4"", (48MP+5MP+8MP) Ultra-wide Triple Camera + 16MP Front,6000mAh-white","₦ 100,000"
"Samsung Galaxy S8 5.8-Inch QHD (4GB,64GB ROM) 12MP + 8MP 4G LTE Smartphone Single Sim - Coral Black+Free Pouch","₦ 170,000"
"Samsung Galaxy S8 - 5.8"" 4GB RAM + 64GB ROM - 12MP - Single SIM Smartphone - Silver","₦ 97,900"
"Samsung Galaxy S7 Edge 5.5"" 12MP 4GB RAM 32GB ROM NFC Exynos LTE Android Mobile Phone","₦ 68,990"
"Samsung Galaxy S9 5.8-Inch QHD (4GB, 64GB ROM) Android 8.0 Oreo, 12MP + 8MP Single SIM 4G LTE- Midnight Black+Free Pouch","₦ 250,000"
Samsung Galaxy S9 5.8'' Inch QHD 4GB+64GB 12MP+8MP 4G Smartphone-Coral Blue,"₦ 132,900"
"Samsung Galaxy S6 Edge - 5.1"" - 12MP + 5MP - 32GB ROM + 3GB RAM - Smartphone - Gold","₦ 54,900"
"Samsung Galaxy S7 5.1"" Lte Phone 12MP 4GB RAM 32GB ROM Fingerprint  - Gold","₦ 64,900"
"Samsung Galaxy S9 5.8-Inch QHD (4GB, 64GB ROM) Android 8.0 Oreo, 12MP + 8MP Dual SIM 4G LTE Smartphone - Blue+free Pouch","₦ 250,000"
"Samsung Galaxy A51 6.5-Inch (4GB,128GB ROM) Android10.0, (48MP +12MP + 5MP + 5MP) + 32MP Dual SIM - Prism Crush White","₦ 139,000"
"Samsung Galaxy A50s 6GB+128GB 6.4"" 48MP Triple+32MP Camera Exynos 9611 Octa Core 4000mAh-White","₦ 133,541"
"Samsung Galaxy S8 Plus (S8+) - 5.8 Inches (4GB,64GB ROM)  - Orchid Grey","₦ 179,900"
"Samsung Galaxy S9 5.8-Inch QHD (4GB, 64GB ROM) Android 8.0 Oreo, 12MP + 8MP Dual SIM 4G LTE- Purple +Free Pouch","₦ 250,000"
"Samsung Galaxy S8 Plus 6.2"" 64GB - 4GB Android 7.0 Nougat 12MP - 8MP 4G LTE - Maple Gold","₦ 280,000"
"Samsung Galaxy S7 Edge 5.5"" Inch 4GB RAM 32GB ROM Lte Phone - Silver","₦ 79,900"
Samsung HM1000 Bluetooth Stereo Headset,"₦ 3,499"
,
,
,
,
,
,
,
,
Samsung Galaxy S8 Plus (S8+) 6.2 Inches Android 8.0(Oreo) 4G LTE (4GB RAM 64GB ROM) Single Sim - Blue+Free Pouch,"₦ 190,000"
"Samsung Galaxy S8 5.8-Inch QHD (4GB,64GB ROM) Android 7.0 Nougat, 12MP + 8MP SINGLE SIM-Lilac Purple +Free Pouch","₦ 150,000"
"Samsung Galaxy S9 5.8-Inch QHD (4GB, 64GB ROM) Android 8.0 Oreo, 12MP + 8MP Single SIM 4G Smartphone - Midnight Black","₦ 215,000"
"Samsung Galaxy S9 Plus (S9+) 6.2-Inch QHD (6GB,64GB ROM Android 8.0 Oreo, 12MP + 8MP Dual SIM 4G LTE - Purple + Free Pouch","₦ 310,000"
Samsung Galaxy Note 4 LTE Smartphone 5.7 Inch 16MP 3GB 32GB -Gold,"₦ 53,900"
Samsung Galaxy S8 Global Version LTE GSM 12MP 4GB 64GB NFC Mobile Phone,"₦ 94,990"
"Samsung Galaxy S9 Plus (S9+) 6.2-Inch QHD (6GB,64GB ROM Android 8.0 Oreo, 12MP + 8MP Single SIM 4G LTE - Purple+Free Pouch","₦ 280,000"
"Samsung Galaxy Note 8 6.3-Inch QHD (6GB,64GB ROM), (12MP + 12MP) + 8MP 4G LTE Smartphone - Blue","₦ 180,000"
Samsung Galaxy S9 Plus Single Sim 6.2'' Inch QHD 6GB Ram+64GB Rom 12MP+8MP 4G Smartphone-Midnight Black,"₦ 195,000"
"Samsung Galaxy M30s 6.4 Inch 4GB, 64GB ROM,Android 9.0 Pie (48MP+5MP+8MP) + 16MP Dual SIM - White","₦ 100,000"
Samsung Galaxy S7 Edge 5.5'' QHD(4GB+32GB) 12MP+5MP 4G Smartphone-Silver,"₦ 74,500"
"Samsung Galaxy S8 - 5.8"" 4GB RAM + 64GB ROM - 12MP - Single SIM Smartphone - Grey","₦ 97,900"
"Samsung Galaxy S8+ S8 Plus LTE Android Cell Phone 6.2"" 12MP (4GB, 64GB ROM)- Midnight Black","₦ 150,000"
"Samsung Galaxy Note 10 Plus (Note 10+), 6.8-Inch (12GB RAM, 256GB ROM), (12MP + 12MP + 16MP) Dual SIM - Aura Black","₦ 400,000"
Samsung Galaxy S8+ S8 Plus 6.2 Inches'' 12.0MP 4G RAM 64G ROM 4G LTE Octa C 4g+64g(single Sim) Gray,"₦ 129,900"
"Samsung  Galaxy S8 Back Case, High Standard Quality .Stain, Scratch Resistant. 100 Percent Durability,  Stain And Scratch Resistant.","₦ 7,000"
"Samsung Galaxy S6 Edge - 5.1"" - 12MP + 5MP - 32GB ROM + 3GB RAM - Smartphone - Black","₦ 54,900"
"Samsung Galaxy A6+ (2018) 6.0-Inch AMOLED (3GB, 32GB ROM) Android 8.0 Oreo - Black","₦ 96,000"
"Samsung Samsung Galaxy S10 Plus 6.4"" 8GB Ram + 28GB ROM Android 9.0 Pie 12MP + 12MP + 16MP10MP+8MP Dual SIM 4G- Prism Black","₦ 330,000"
"Samsung Galaxy S7 Edge 5.5-Inch QHD (4GB, 32GB ROM) 12MP + 5MP - Black WITH 5D GLASS AND POUCH","₦ 150,000"
"Samsung Galaxy S8 5.8-Inch QHD (4GB,64GB ROM) 12MP + 8MP 4G LTE Smartphone SINGLE Sim - Purple+Free Pouch","₦ 170,000"
"Samsung Galaxy A8s 6GB+128GB 6.4"" 24MP+10MP+5MP Triple Cameras Snapdragon 710 Octa Core 4G Smartphone Dual Sim 3400mAh-Black","₦ 139,352"
"Samsung Galaxy S8 Plus S8+ (4GB RAM, 64GB ROM) Dual Sim 4G - Midnight Black","₦ 180,000"
"Samsung Galaxy S7 5.1"" Lte Phone 12MP 4GB RAM 32GB ROM Fingerprint  - White","₦ 64,900"
Samsung Galaxy S9 5.8'' Inch QHD  2 Sim (duel Sim)( 4GB + 64GB ROM ) 12MP+8MP _ Midnight Black,"₦ 165,000"
"Samsung Galaxy A9 6.3-Inch Full HD+ SAMOLED (6GB, 128GB ROM) Android 8.0 Oreo, 24MP + 24MP Dual SIM 4G - Lemonade Blue","₦ 125,000"
"Samsung Galaxy S8 5.8-Inch QHD (4GB,64GB ROM) Android 7.0 Nougat, 12MP + 8MP DUAL SIM-BLACK +Free Pouch","₦ 150,000"
Samsung Galaxy J8 32GB ROM 3GB RAM 6.0 Inches 16+ 5MP Dual Rear Camera /16MP Front Camera Dual SIM - Lavender ,"₦ 69,000"
"Samsung Galaxy A9 (2018) 6.3-Inch SAmoled (6GB, 128GB ROM),Android 8.0 Oreo, Quad Rear Cameras (24MP + 5MP + 10MP + 8MP) + 24MP ,4G LTE Dual SIM Smartphone - Bubblegum Pink","₦ 140,000"
Samsung GALAXY S9+6.2-inch RAM 6G+ROM 256G Dual Camera 12MP  Smartphone,"₦ 300,000"
Samsung Galaxy J4  (2018) Clear View Cover Case Mirror View Flip Foli Electroplate Standing Cover,"₦ 10,500"
Samsung Galaxy S6 4G Lte Mobile Phones Octa Core 5.1inch 16MP 3GB RAM 32GB ROM Smartphone,"₦ 49,950"
"Samsung Galaxy S7 Edge Smartphone - 5.5"" - 4GB RAM + 32GB ROM 12MP Single SIM - Black","₦ 76,900"
Samsung Galaxy S8+ S8Plus 6.2 Inches'' 12.0MP 64G ROM 4G LTE Octa C 4g+64g(single Sim) Silver,"₦ 129,900"
"Samsung Galaxy A6s 6GB+128GB 6.0"" 12MP+5MP AI Dual Camera Snapdragon 660 Octa Core Face&Fingerprint ID Unlock 3300mAh-Red","₦ 105,288"
"Samsung Galaxy Note 8 6.3-Inch QHD (6GB,64GB ROM) Dual Sim - Midnight Black","₦ 205,000"
"Samsung Galaxy S9 Plus (S9+) 6.2-Inch QHD (6GB,64GB ROM Android 8.0 Oreo, 12MP + 8MP SINGLE SIM 4G Smartphone - BLACK","₦ 280,000"
"Samsung Galaxy S8 5.8-Inch QHD (4GB,64GB ROM) Android 7.0 Nougat, 12MP + 8MP SINGLE SIM-BLACK +Free Pouch","₦ 150,000"
Samsung Galaxy Note 4  LTE Smartphone 5.7 Inch 16MP 3GB 32GB  Mobile Phone -Gold,"₦ 53,990"
"Samsung Galaxy S7 5.1"" Lte Phone 12MP 4GB RAM 32GB ROM Fingerprint  - Silver","₦ 64,900"
,
,
,
,
,
,
,
,
Samsung Samsung Galaxy S8 Global Version LTE GSM 12MP 4GB 64GB NFC Mobile Phone,"₦ 94,990"
"Samsung Galaxy S9 Plus (S9+) 6.2-Inch QHD (6GB,64GB ROM Android 8.0 Oreo, 12MP + 8MP Single SIM 4G LTE - Purple + Free Pouch","₦ 310,000"
"Samsung Galaxy S9 5.8-Inch QHD (4GB, 64GB ROM) Android 8.0 Oreo, 12MP + 8MP Single SIM 4G LTE Smartphone - Purple+free Pouch","₦ 250,000"
"Samsung Galaxy S9 Plus (S9+) 6.2-Inch QHD (6GB,64GB ROM Android 8.0 Oreo, 12MP + 8MP Dual SIM 4G LTE - Purple+Free Pouch","₦ 280,000"
"Samsung Samsung Galaxy S8 5.8-Inch ( 2 Sim )QHD (4GB,64GB ROM) 12MP + 8MP 4G LTE Smartphone DUAL Sim - Midnight Black","₦ 130,000"
"Samsung Galaxy Note 8 6.3'' Single Sim QHD Smartphone (6GB+64GB) 12MP Android Phone - Midnight Black ,","₦ 160,000"
Samsung Galaxy S8 Plus (S8+) 6.2 Inches Android 8.0(Oreo) 4G LTE (4GB RAM 64GB ROM) Dual Sim - Blue+Free Pouch,"₦ 190,000"
"Samsung SAMSUNG A51 (6.5'', Android 10.0, 128GB/4GB, Quad Camera:48MP+12MP+5MP+5MP. Selfie 32MP, 4000mAh, 4G)","₦ 144,999"
"Samsung Galaxy S7 Edge 4GB RAM 32GB ROM 5.5"" Inch LTE Mobile Phone 12.0 MP Android Quad Core -Gold","₦ 79,900"
"Samsung Galaxy A6s 6GB+64GB 6.0"" 12MP+5MP AI Dual Camera Snapdragon 660 Octa Core Face&Fingerprint ID Unlock 3300mAh-Purple","₦ 91,187"
Samsung Galaxy Note 5  5.7'' Inch 4GB RAM 32GB ROM 16.0MP LTE 4G Android Smartphone -silver,"₦ 66,990"
"Samsung Galaxy S9 5.8-Inch QHD (4GB, 64GB ROM) Android 8.0 Oreo, 12MP + 8MP Dual SIM 4G LTE Smartphone - Black+free Pouch","₦ 250,000"
"Samsung Galaxy Note 10 6.3-Inch (8GB RAM, 256GB ROM), (12MP + 16MP) Dual SIM 3,500 MAh Smartphone - Aura Black","₦ 340,990"
"Samsung Galaxy S20 Ultra. 6.9-Inch (12GB 128GB ROM) Android 10.0 (108MP + 48MP + 12MP + 0.3MP)+(40MP) 4G,Dual SIM - Cosmic Black","₦ 540,000"
"Samsung Galaxy S8 Plus - 6.2"" 4GB RAM + 64GB ROM - 12MP - Single SIM Smartphone - Silver","₦ 119,900"
Samsung Galaxy Note 5 5.7 '' 16MP 4GB RAM 32GB ROM 4G LTE -Gold,"₦ 66,900"
"Samsung Galaxy S9 Plus (S9+) 6.2-Inch QHD (6GB,64GB ROM Android 8.0 Oreo, 12MP + 8MP Dual SIM 4G LTE - Blue + Free Pouch","₦ 310,000"
Samsung Galaxy S20 Plus (S20+) 6.7-Inch (8GB 128GB ROM) Android 10.0 (12MP + 64MP + 12MP + 0.3MP)+(10MP) Dual SIM 4G - Cosmic Black,"₦ 430,000"
"Samsung Galaxy A60 6GB+128GB 6.3"" 32MP Triple Cameras Snapdragon 675 Octa Core Fingerprint Unlock 15W QC 3500mAh-Black","₦ 130,301"
Samsung Galaxy Note Edge-Black,"₦ 75,000"
Samsung Galaxy S20 Plus (S20+) 6.7-Inch (8GB 128GB ROM) Android 10.0 (12MP + 64MP + 12MP + 0.3MP)+(10MP) Dual SIM 4G -gray,"₦ 430,000"
Samsung Galaxy S6 Edge Cell Phone 5.1 Inch Curved Screen Octa Core 32GB ROM -white,"₦ 59,800"
"Samsung Galaxy S20 Ultra 6.9-Inch (12GB, 128GB ROM) Android 10.0 (108MP + 48MP + 12MP + 0.3MP)+(40MP) Dual SIM 4G - Cosmic Black","₦ 550,000"
Samsung Refurbished Samsung C3050 Cellphone - Black,"₦ 13,900 - ₦ 15,900"
"Samsung Galaxy A9 6.3-Inch Full HD+ SAMOLED (6GB, 128GB ROM) Android 8.0 Oreo, 24MP + 24MP Dual SIM 4G - Lemonade Blue","₦ 125,000"
Samsung SAMSUNG EVO Microsd Card 128GB 100Mb/s Class10 U3 U1 SDXC,"₦ 10,343"
"Samsung Galaxy S9 Plus (S9+) 6.2-Inch QHD (6GB, 64GB ROM) Android 8.0 Oreo, 12MP + 8MP Dual SIM 4G Smartphone - Lilac Purple ","₦ 301,000"
Samsung Galaxy S6 Edge Cell Phone 5.1 Inch Curved Screen Octa Core 32GB ROM -Black,"₦ 59,800"
"Samsung Galaxy S7 Edge 5.5"" 12MP 4GB RAM 32GB ROM NFC Exynos LTE Android Mobile Phone","₦ 68,990"
"Samsung Galaxy A70 6.7-Inch S-AMOLED (6GB, 128GB ROM) Android 9.0 Pie, (32MP+8MP+5MP) + 32MP Dual SIM 4G Fingerprint Smartphone - Blue","₦ 159,999"
Samsung Fast Charge Adaptor,"₦ 7,000"
Samsung Galaxy Note 4  LTE Smartphone 5.7 Inch 16MP 3GB 32GB  Mobile Phone -white,"₦ 53,990"
Samsung Galaxy Note 5 5.7 '' 16MP 4GB RAM 32GB ROM 4G LTE - Silver,"₦ 66,900"
Samsung Galaxy S9 4GB+64GB 5.8 Inch Lilac Purple Used Phone 99% New Single Sim 4G Android Smartphone,"₦ 122,100"
Samsung 10000mAh   USB   External Battery Mini Portable,"₦ 9,884"
"Samsung Galaxy S8 Plus (S8+) - 5.8 Inches (4GB,64GB ROM)  - Coral Blue","₦ 179,900"
"Samsung Galaxy S7 Edge Smartphone - 5.5"" - 4GB RAM + 32GB ROM 12MP Single SIM - Gold","₦ 76,900"
"Samsung Samsung Galaxy S8+ S8 Plus LTE Android Cell Phone  6.2"" 12MP 4G 64G Snapdragon 835 NFC","₦ 99,500"
"Samsung Galaxy S9 Plus (S9+) 6.2-Inch QHD (6GB,64GB ROM Android 8.0 Oreo, 12MP + 8MP Single SIM 4G Smartphone - Blue+Free Pouch","₦ 280,000"
"Samsung Galaxy A6s 6GB+128GB 6.0"" 12MP+5MP AI Dual Camera Snapdragon 660 Octa Core Face&Fingerprint ID Unlock 3300mAh-Purple","₦ 105,288"
,
,
,
,
,
,
,
,
Samsung Upgraded Version M9 Android 9.1 Smart Phone 6.5 HD+ Samsung Screen''Dual 4+16GB,"₦ 88,888"
"Samsung Galaxy C7 - 5.5"" IPS Display, ( 32GB ROM) Android 7.1 (Nougat) - Gold","₦ 80,000"
"Samsung Galaxy S10 Plus 6.4-Inch AMOLED 8GB, 128GB ROM Android 9.0 Pie 12MP + 12MP + 16MP+10MP+8MP Dual SIM 4G - Prism Black","₦ 330,000"
"Samsung Galaxy S20 Ultra. 6.9-Inch (12GB 128GB ROM) Android 10.0 (108MP + 48MP + 12MP + 0.3MP)+(40MP) 4G, Dual SIM - Cosmic Gray","₦ 540,000"
"Samsung Galaxy S8+ 6.2 -Inches (4GB RAM 64GB ROM), Android 7.0 Nougat, 12MP + 8MP Dual SIM -  Gray","₦ 160,000"
Samsung Galaxy S6 Edge Cell Phone 5.1 Inch Curved Screen Octa Core 32GB ROM -Gold,"₦ 59,800"
"Samsung Galaxy A6s 6GB+128GB 6.0"" 12MP+5MP AI Dual Camera Snapdragon 660 Octa Core Face&Fingerprint ID Unlock 3300mAh-Blue","₦ 105,288"
Samsung Galaxy S7 G930F 32GB GSM 4G LTE Octa-Core Phone W/ 12MP Dual Pixel Camera,"₦ 108,000"
"Samsung Galaxy S9 Plus (S9+) 6.2-Inch QHD (6GB,64GB ROM Android 8.0 Oreo, 12MP + 8MP Single SIM 4G LTE - Black + Free Pouch","₦ 310,000"
Samsung Galaxy A5 2017 Edition Verus Back Case Gold,"₦ 5,500"
"Samsung Galaxy A9 (2018) 6.3-Inch SAmoled (6GB, 128GB ROM),Android 8.0 Oreo, Quad Rear Cameras (24MP + 5MP + 10MP + 8MP) + 24MP ,4G LTE Dual SIM Smartphone - Lemonade Blue","₦ 142,000"
Samsung S9 3D Black Screen Protector For Galaxy S9,"₦ 8,500"
"Samsung Galaxy A9 (2018) 6.3-Inch SAmoled (6GB, 128GB ROM),Android 8.0 Oreo, Quad Rear Cameras (24MP + 5MP + 10MP + 8MP) + 24MP ,4G LTE Dual SIM Smartphone - Bubblegum Pink","₦ 109,999"
Samsung Galaxy S7 Edge 32GB 12MP + 5MP Smartphone - Gold,"₦ 150,000"
Samsung Galaxy S7 Edge G935A 5.5 Inch 4GB RAM 32GB ROM-BLACK,"₦ 78,940"
"Samsung Refurbished Galaxy S7 Edge G935A / T / V Smartphone, 5.5 Inch, 4GB RAM + 32GB ROM, Android 6.0 - Gold","₦ 79,680"
"Samsung Refurbished Galaxy Note 5 N920A / T Smartphone, 5.7 Inch, 3GB RAM + 32GB ROM, Android 5.1.1 - Gold","₦ 64,880"
"Samsung Galaxy A30s, 6.4-Inch (4GB RAM, 64GB ROM) Android 9.0 Pie, (25MP + 8MP + 8MP) 4G LTE Dual SIM - Prism Crush Black","₦ 93,000"
Samsung Galaxy A2 Core Android SmartPhone - 5 Inches Screen Display Wide - 1GB RAM 16GB Internal Storage - Dual Sim,"₦ 42,750"
"Samsung Refurbished Galaxy Note 5 N920A / T Smartphone, 5.7 Inch, 3GB RAM + 32GB ROM, Android 5.1.1 - White","₦ 64,880"
Samsung Galaxy A10s 6.2-Inches Screen Display Android 9.0 Dual Sim SmartPhone - 2GB RAM 32GB Internal Storage,"₦ 73,800"
"Samsung Samsung Galaxy Note 8 6.3'' QHD Smartphone (6GB+64GB) 12MP Android Phone - Midnight Black ,","₦ 200,000"
"Samsung Galaxy S10 Plus (S10+) 6.4-Inch AMOLED (8GB, 128GB ROM) Android 9.0 Pie,  4G Smartphone - Prism White, Black","₦ 280,000"
"Samsung Galaxy S10e 5.8-Inch AMOLED (6GB, 128GB ROM) Android 9.0 Pie, (12MP + 16MP)+10MP  4G - White","₦ 220,000"
"Samsung Samsung Galaxy S10 Plus 6.4"" 8GB Ram + 128GB ROM Android 9.0 Pie 12MP + 12MP + 16MP10MP+8MP 4G- Prism Black","₦ 280,000"
"Samsung Galaxy Note 10 Plus (Note 10+), 6.8-Inch (12GB RAM, 256GB ROM), (12MP + 12MP + 16MP) Dual SIM - Aura Glow","₦ 400,000"
"Samsung Galaxy S10 Plus (S10+) 6.4-Inch AMOLED (8GB, 128GB ROM) Android 9.0 Pie, (12MP + 12MP + 16MP)+(10MP+8MP) Dual SIM 4G Smartphone - Prism White","₦ 340,000"
Samsung Galaxy Note 3 - 5.7 Inch - (3GB RAM + 16GB ROM) - Android 5.0,"₦ 73,176"
"Samsung Galaxy S10 6.1-Inch AMOLED (6GB, 128GB ROM) Android 9.0 Pie, 12MP + 12MP + 16MP 4G Smartphone - Black","₦ 230,000"
"Samsung Galaxy Fold 7.3-Inch AMOLED (12GB,128GB ROM)Android 9.0 Pie, (16MP+12MP+12MP)+(10MP+8MP) 4G Smartphone - Space Silver","₦ 950,999"
"Samsung Samsung Galaxy Note 8 6.3'' QHD Smartphone (6GB+64GB) 12MP Android Phone - Midnight Black ,","₦ 190,000"
"Samsung Galaxy A80 6.7"" Dual Sim, 128GB ROM 8GB RAM Camera 48.0 MP + 8.0 MP + HQVGA 3,700mAh 4G LTE - Phantom Black","₦ 215,000"
Samsung Galaxy S6 Edge G925A / T Smartphone 3GB RAM + 32GB ROM - Black,"₦ 88,999"
"Samsung Galaxy A50 6.4-Inch (4GB,128GB ROM) Android 9 Pie, (25MP+5MP+ 8MP)+ 25MP 4000mAh 4G Smartphone - Blue Black","₦ 125,000"
"Samsung Galaxy A30s 6.4-inch (4GB,64GB),(25MP+8MP+5MP)+16MP, On-Screen Fingerprint 4G Smartphone - Prism Crush Violet","₦ 110,000"
"Samsung Galaxy S10e 5.8-Inch AMOLED (6GB, 128GB ROM) Android 9.0 Pie, (12MP + 16MP)+10MP 4G - Prism Black, Prism White","₦ 220,000"
Samsung Galaxy A8s 6.4” FHD (6GB 128GB) Smartphone Otca Core Three Rear Cameras Face ID NFC 4G Cell Phone - BLUE,"₦ 219,999"
"Samsung Galaxy A60 6.3""(6GB,128GB)3500mAh SM-A6060 Android Smartphones Octa Core 32MP Camera NFC Mobile Phone - BLUE","₦ 209,999"
"Samsung Galaxy A60 6.3""(6GB,64GB)3500mAh SM-A6060 Android Smartphones Octa Core 32MP Camera NFC Mobile Phone - BLUE","₦ 189,999"
"Samsung Galaxy A40s 6.4"" (6GB,64GB) 4G LTE Android Smartphone  Octa Core  5000mAh Face Unlock Mobile Phone - BLUE","₦ 169,999"
,
,
,
,
,
,
,
,
"Samsung Galaxy A60 6.3""（6GB,128GB）3500mAh SM-A6060 Android Smartphones Octa Core  32MP Camera NFC Mobile Phone - Orange","₦ 209,999"
"Samsung Galaxy S10 6.1-Inch AMOLED (6GB, 128GB ROM) Android 9.0 Pie, 12MP + 12MP + 16MP 4G Smartphone - Black","₦ 250,000"
"Samsung Galaxy A70 6.7 "" 6GB+128GB Smartphone 25W  32MP Front Camera 4500mAh 4G Mobile Phone - BLACK","₦ 219,999"
"Samsung Galaxy A70 6.7 "" 8GB+128GB Smartphone 25W  32MP Front Camera 4500mAh 4G Mobile Phone - White","₦ 269,999"
"Samsung Galaxy S9 Plus (S9+) 6.2-Inch QHD (6GB, 64GB ROM) Android 8.0 Oreo, 12MP + 8MP  4G Smartphone - Midnight Black","₦ 180,000"
"Samsung Galaxy A60 6.3""(6GB,64GB)3500mAh SM-A6060 Android Smartphones Octa Core 32MP Camera NFC Mobile Phone - BLACK","₦ 189,999"
"Samsung Galaxy A40s 6.4"" (6GB,64GB) 4G LTE Android Smartphone  Octa Core  5000mAh Face Unlock Mobile Phone - BLACK","₦ 169,999"
Samsung Galaxy A8s 6.4” FHD (6GB 128GB) Smartphone Otca Core Three Rear Cameras Face ID NFC 4G Cell Phone - Silver,"₦ 219,999"
Samsung Galaxy A8s 6.4” FHD (6GB 128GB) Smartphone Otca Core Three Rear Cameras Face ID NFC  4G Cell Phone,"₦ 219,999"
Samsung Galaxy Note 9 - (6GB+128GB)  Midnight Black & Back Case Cover + Screen Guide,"₦ 195,000"
"Samsung Galaxy S9 Plus (S9+) 6.2-Inch QHD (6GB,64GB ROM Android 8.0 Oreo, 12MP + 8MP Single SIM 4G Smartphone -","₦ 180,000"
"Samsung Galaxy S8+ S8 Plus LTE Android Cell Phone  6.2"" 12MP 4G 64G Snapdragon 835 NFC","₦ 145,000"
"Samsung Galaxy Note 10 Plus 6.8-Inch (12GB RAM, 256GB ROM), (12MP + 16MP) ,300MAh- Aura Black","₦ 380,000"
"Samsung Galaxy A6s, 4G, 6.0 Inch (6GB RAM + 64GB ROM) Android 8.0, 12.0MP + 5.0MP Rear Camera - PURPLE","₦ 68,979"
"Samsung Galaxy A70 6.7 "" 6GB+128GB Smartphone 25W  32MP Front Camera 4500mAh 4G Mobile Phone - White","₦ 219,999"
"Samsung Galaxy S10 Plus (S10+) 6.4-Inch AMOLED, Android 9.0 Pie - Prism White And Black","₦ 280,000"
"Samsung Galaxy Note 10 Plus- 6.8-Inch (12GB RAM, 256GB ROM), (12MP + 16MP) Single SIM - Aura Black","₦ 380,000"
"Samsung Samsung Galaxy S10 Plus 6.4"" 8GB Ram + 128GB ROM Android 9.0 Pie 12MP + 12MP + 16MP10MP+8MP  4G- Prism Black, Prism White","₦ 285,000"
"Samsung Galaxy Note 10 Plus (Note 10+) 6.8-Inch , (12MP + 16MP) 4,300 MAh Smartphone - Aura Glow And Black","₦ 380,000"
"Samsung Galaxy S8 5.8-Inch QHD (4GB,64GB ROM) Android 7.0 Nougat, 12MP + 8MP Dual SIM LTE - Maple Gold","₦ 160,000"
"Samsung Galaxy S8 Plus (S8+) 6.2-Inch (4GB RAM, 64GB ROM) Android 7.0 Nougat, 12MP+8MP, 4G LTE  Orchid Grey","₦ 165,000"
"Samsung Galaxy S8 Plus 6.2-Inch (4GB RAM, 64GB ROM) Android 7.0 Nougat, 12MP+8MP, 4G LTE - Midnight Black","₦ 165,000"
"Samsung Galaxy A51 6.5-Inch (4GB,128GB ROM) Android10.0, (48MP +12MP + 5MP + 5MP) + 32MP Dual SIM - Prism Crush Blue","₦ 149,999"
"Samsung Galaxy A71- 6GB RAM- 128GB  ROM 6.7"" 4500mAh Dual Sim - Fingerprint- Prism Crush Black","₦ 211,999"
"Samsung Galaxy A71 6GB RAM 128GB  ROM 6.7"" 4500mAh Dual Sim -FINGERPRINT- Prism Crush Blue","₦ 209,999"
"Samsung Galaxy A01- 5.7-Inch (2GB RAM, 16GB ROM), (2MP + 13MP) Dual SIM 3,000 MAh Smartphone - Black","₦ 47,000"
"Samsung Galaxy A71 6GB RAM 128GB  ROM 6.7"" 4500mAh Dual Sim -FINGERPRINT- Prism Crush Blue","₦ 249,998"
"Samsung Galaxy A71- 6GB RAM- 128GB  ROM 6.7"" 4500mAh Dual Sim - Fingerprint- Prism Crush Black","₦ 234,998"
"Samsung Galaxy Note 10 Plus (Note 10+) 6.8-Inch (12GB RAM, 256GB ROM), (12MP + 16MP) Dual SIM 4,300 MAh Smartphone - Aura Glow","₦ 469,989"
"Samsung Galaxy S10 Plus (S10+) 6.4-Inch AMOLED (8GB, 128GB ROM) Android 9.0 Pie, (12MP + 12MP + 16MP)+(10MP+8MP) Dual SIM 4G Smartphone - Prism Blue","₦ 419,898"
"Samsung Galaxy Note 10 6.3-Inch (8GB RAM, 256GB ROM), (12MP + 16MP) Dual SIM 3,500 MAh Smartphone - Aura White","₦ 389,898"
"Samsung Galaxy Note 10 Plus (Note 10+) 6.8-Inch (12GB RAM, 256GB ROM), (12MP + 16MP) Dual SIM 4,300 MAh Smartphone - Aura Glow","₦ 469,999"
"Samsung Galaxy A51 6.5-Inch (4GB,128GB ROM) Android10.0, (48MP +12MP + 5MP + 5MP) + 32MP Dual SIM - Prism Crush Black","₦ 131,000"
"Samsung Galaxy Note 10 Plus (Note 10+) 6.8-Inch (12GB RAM, 256GB ROM), (12MP + 16MP) Dual SIM 4,300 MAh Smartphone - Aura Black","₦ 364,800"
"Samsung Galaxy A71 6.7-Inch (8GB, 128GB ROM) Android10.0, 64MP+12MP+5MP +5MP) + 32MP 4G LTE Dual SIM - Prism Crush Silver","₦ 195,000"
"Samsung Galaxy A71 6.7-Inch (8GB, 128GB ROM) Android10.0, 64MP+12MP+5MP +5MP) + 32MP 4G LTE Dual SIM - Prism Crush Black","₦ 195,000"
"Samsung Galaxy S8 Plus 6.2-Inch (4GB RAM, 64GB ROM) Android 7.0 Nougat, 12MP+8MP, 4G LTE - Midnight Black","₦ 165,000"
"Samsung Galaxy S8 5.8-Inch QHD (4GB,64GB ROM) Android 7.0 Nougat, 12MP + 8MP Dual SIM LTE - Maple Gold","₦ 160,000"
"Samsung Galaxy A71 6.7-Inch (8GB, 128GB ROM) Android10.0, 64MP+12MP+5MP +5MP) + 32MP 4G LTE Dual SIM - Prism Crush Blue","₦ 195,000"
"Samsung Galaxy A71 6.7-Inch (6GB, 128GB ROM) Android10.0, 64MP+12MP+5MP +5MP) + 32MP 4G LTE Dual SIM - Prism Crush Black","₦ 198,000"
,
,
,
,
,
,
,
,
"Samsung Galaxy A10s 6.2-Inch (2GB RAM, 32GB ROM) Android 9.0,13MP + 2MP + 8MP Front, 4G LTE - Blue","₦ 61,000"
"Samsung Galaxy S10 Plus (S10+) 6.4-Inch AMOLED (8GB, 128GB ROM) Android 9.0 Pie, (12MP + 12MP + 16MP)+(10MP+8MP) Dual SIM 4G Smartphone - Prism Green","₦ 330,000"
"Samsung Galaxy A10s 6.2-Inch (2GB RAM, 32GB ROM) Android 9.0 Pie, (13MP + 2MP) + 8MP 4G LTE, Fingerprint Dual Sim - Red","₦ 69,000"
"Samsung GALAXY  A20s (3GB RAM, 32GB ROM) 13MP + 8MP+ 5MP ,  TRIPPLE CAMERA -RED","₦ 89,800"
Samsung Galaxy Watch Active 2 44mm  1.5GB Ram / 4GB Rom - Pirk Gold,"₦ 130,000"
"Samsung GALAXY  A20s (3GB RAM, 32GB ROM) 13MP + 8MP+ 5MP ,  TRIPPLE CAMERA -BLACK","₦ 99,900"
"Samsung Galaxy S8 Edge Dual SIM Card 5.8 Inches (4GB,64GB ROM) -Coral Blue With Screen Guard And Silicon Back Case","₦ 145,000"
"Samsung Galaxy S8 Edge Dual SIM Card 5.8 Inches (4GB,64GB ROM) - Purple  With Screen Guard And Silicon Back Case","₦ 140,000"
"Samsung Galaxy A01 5.7 -Inch Infinity-V Display (2GB,16GB ROM) Android 10.0, (13MP+2MP) + 5MP  Dual SIM - Red","₦ 57,500"
"Samsung Galaxy S10 Plus (S10+) 6.4-Inch AMOLED (8GB, 512GB ROM) Dual SIM 4G Smartphone - Ceramic White","₦ 298,000"
"Samsung Galaxy Note 8 6.3-Inch QHD (6GB,64GB ROM) Android 7.1 Nougat, (12MP + 12MP) + 8MP Dual SIM 4G LTE Smartphone Midnight Black","₦ 180,000"
"Samsung Galaxy S7 Edge (4GB, 32GB ROM) 12MP + 5MP Smartphone - Gold","₦ 100,000"
"Samsung Galaxy Note 10 6.3-Inch (8GB RAM, 256GB ROM), (12MP + 16MP) Dual SIM 3,500 MAh Smartphone - Aura Black","₦ 420,000"
"Samsung Galaxy Note 10 6.3-Inch (8GB RAM, 256GB ROM), (12MP + 16MP) Dual SIM 3,500 MAh Smartphone - Aura White","₦ 320,000"
Samsung Galaxy S6 Edge Plus Transparent Cover Back Case,"₦ 4,000"
"Samsung Galaxy Note 10, 6.3-Inch (8GB RAM, 256GB ROM), (12MP + 12MP + 16MP) Dual SIM - Aura Glow","₦ 320,000"
"Samsung Galaxy Note 10, 6.3-Inch (8GB RAM, 256GB ROM), (12MP + 12MP + 16MP) Dual SIM - Aura Pink","₦ 320,000"
"Samsung Galaxy Note 10 Lite Dual SIM - 6GB RAM, 128GB - 4G LTE","₦ 235,000"
Samsung Galaxy S20 6.2-Inch (8GB 128GB ROM) Android 10.0 (12MP + 64MP + 12MP)+(10MP) Dual SIM 4G - Cosmic Grey,"₦ 390,000"
"Samsung Galaxy S10e 5.8-Inch AMOLED (6GB, 128GB ROM) Android 9.0 Pie, (12MP + 16MP)+10MP Dual SIM 4G - Prism Black","₦ 209,999"
Samsung Galaxy S20 Plus 6.7-Inch (8GB 128GB ROM) Android 10.0 (12MP + 64MP + 12MP + 0.3MP)+(10MP) Dual SIM 4G - Cosmic Black,"₦ 430,000"
"Samsung Galaxy A51 (4GB 128GB) Dual Sim, 4000mAh, Android 10.0, 6.5'' - Prism Crush White","₦ 135,000"
"Samsung Galaxy Note 8 6.3-Inch (6GB,64GB) Android 7.1(12MP + 12MP) + 8MP Dual SIM 4G LTE - Midnight Black","₦ 179,999"
"Samsung Galaxy Fold 7.3-Inch Dynamic AMOLED (12GB,512GB ROM) Android 9.0 Pie, (16MP+12MP+12MP)+(10MP+8MP) 4G - Cosmos Black","₦ 920,000"
Samsung Galaxy S20 Ultra 6.9-Inch (12GB 128GB ROM) Android 10.0 (108MP + 48MP + 12MP + 0.3MP)+(40MP) Dual SIM 4G - Cosmic Grey,"₦ 540,000"
Samsung Galaxy S20 Plus 6.7-Inch (8GB 128GB ROM) Android 10.0 (12MP + 64MP + 12MP + 0.3MP)+(10MP) Dual SIM 4G - Cosmic Grey,"₦ 430,000"
"Samsung Galaxy Note 9 6.4"" (6GB RAM, 128GB ROM), Android 8.1 Nougat, 12MP + 12MP Dual SIM - Midnight Black","₦ 300,000"
"Samsung Galaxy S20 Plus (S20+) 6.7-Inch (8GB 128GB ROM, (12MP + 64MP + 12MP + 0.3MP)+(10MP) Dual SIM 4G - Cosmic BLUE","₦ 398,000"
"Samsung Galaxy S20 Plus (S20+) 6.7-Inch (8GB 128GB ROM, (12MP + 64MP + 12MP + 0.3MP)+(10MP) Dual SIM 4G - Cosmic GREY","₦ 398,000"
"Samsung Galaxy A51 6.5-Inch (4GB,128GB ROM) Android10.0, (48MP +12MP + 5MP + 5MP) + 32MP Dual SIM - Prism Crush White","₦ 140,000"
Samsung Galaxy S7 Edge (4GBRAM 32GBROM) 4GMobilePhone Quad Core 5.5 Inch 12.0MP- Gold,"₦ 87,500"
Samsung Galaxy Note 5 (Single SIM) 4GB+32GB ROM 5.7'' Screen - Blue,"₦ 75,000"
"Samsung Galaxy Note 10 Plus (Note 10+), 6.8-Inch (12GB RAM, 256GB ROM), (12MP + 12MP + 16MP) Dual SIM - Aura White","₦ 400,000"
Samsung Galaxy S7 SM - G930 Smartphone 4GB RAM 32GB ROM-Gold,"₦ 62,600"
Samsung Galaxy S7 Edge SM - G935 Smartphone 4GB RAM 32GB ROM,"₦ 76,600"
Samsung Galaxy S7 G930A / T / V Smartphone 4GB RAM 32GB ROM,"₦ 62,900"
"Samsung Galaxy A80 6.7"" Dual SIM 128GB ROM + 8GB RAM, 48MP + 8MP + 3D Camera, 4G LTE - Phantom Black","₦ 163,000"
"Samsung Galaxy A2 Core Android 9.0 - Dual SIM,16GB ROM +1GB RAM (5MP + 5MP) - Dark Blue","₦ 38,000"
"Samsung Galaxy A80 6.7"" Dual SIM 128GB ROM + 8GB RAM, 48MP + 8MP + 3D Camera, 4G LTE - Ghost White","₦ 163,000"
"Samsung Galaxy Note 10 Plus (Note 10+), 6.8-Inch (12GB RAM, 512GB ROM), (12MP + 12MP + 16MP) Dual SIM - Aura Black","₦ 439,800"
,
,
,
,
,
,
,
,
"Samsung Galaxy A2 Core Android 9.0 - Dual SIM,16GB ROM +1GB RAM (5MP + 5MP) - Dark Grey","₦ 35,000"
"Samsung Galaxy S9 64GB,4GB Ram,4G LTE, Midnight Black","₦ 169,999"
"Samsung Galaxy Note 9 6.4-Inch (6GB RAM, 128GB ROM) Android 8.1 (12MP + 12MP) Purple","₦ 240,999"
"Samsung Galaxy S9 Plus (S9+) 6.2-Inch QHD (6GB, 64GB ROM) Android 8.0 12MP + 8MP Single SIM 4G Smartphone","₦ 195,999"
"Samsung Galaxy A51 6.5-Inch (4GB,128GB ROM) Android10.0, (48MP +12MP + 5MP + 5MP) + 32MP Dual SIM - Prism Crush White","₦ 141,000"
"Samsung Galaxy S8 Plus Dual SIM(S8+)(4GB RAM, 64GB ROM)Smartphone-Arctic Silver & Back Case Cover+Screen Guide Protector","₦ 150,000"
"Samsung Galaxy S8 Plus  (4GB RAM, 64GB ROM), 12MP+8MP, 4G LTE ‚Orchid Grey Dous","₦ 159,999"
"Samsung Samsung Galaxy S9+ Duos 6.2-Inch QHD (6GB, 64GB ROM) Android 8.0 Oreo, 12MP + 8MP Dual SIM 4G Smartphone - Purple","₦ 180,000"
"Samsung Note 9, Pen. REAR CAMERA 12MP, FRONT CAMERA 8MP (6.4'', Quad HD + SaMOLED*, 18.5:9. 4,000 MAh, 128GB ROM /6GB RAM","₦ 240,999"
"Samsung Galaxy S8 Plus (S8+) 6.2-Inch (4GB RAM, 64GB ROM) Android 7.0 Nougat, 12MP+8MP, 4G LTE Smartphone - Mid Night Black","₦ 150,000"
"Samsung Galaxy A71 6.7-Inch (8GB, 128GB ROM) Android10.0, 64MP+12MP+5MP +5MP) + 32MP 4G LTE Dual SIM - Prism Crush Blue","₦ 190,000"
Samsung Galaxy J8 32GB ROM 3GB RAM 6.0 Inches 16+ 5MP Dual Rear Camera /16MP Front Camera Dual SIM - Black,"₦ 68,000"
"Samsung Galaxy C7 - 5.5"" IPS Display, ( 32GB ROM) Android 7.1 (Nougat) - Gold","₦ 80,000"
"Samsung Galaxy A51 6.5-Inch - (4GB,128GB ROM) Android10.0, (48MP +12MP + 5MP + 5MP) + 32MP Dual SIM - Prism Crush Black","₦ 132,800"
"Samsung Galaxy A71 6.7-Inch (8GB, 128GB ROM) Android10.0, 64MP+12MP+5MP +5MP) + 32MP 4G LTE Dual SIM - Prism Crush Silver","₦ 190,000"
"Samsung Galaxy A71 6.7-Inch (8GB, 128GB ROM) Android10.0, 64MP+12MP+5MP +5MP) + 32MP 4G LTE Dual SIM - Prism Crush Black","₦ 190,000"
Samsung Stylus Pen For Galaxy Note 9 - Black,"₦ 18,000"
Samsung Galaxy S20 Plus (S20+) 6.7-Inch (8GB 128GB ROM) Android 10.0 (12MP + 64MP + 12MP + 0.3MP)+(10MP) Dual SIM 4G - Cloud Blue,"₦ 430,000"
"Samsung Galaxy S10 Plus (S10+) 6.4-Inch AMOLED (8GB, 128GB ROM) Android 9.0 Pie, (12MP + 12MP + 16MP)+(10MP+8MP) Dual SIM 4G Smartphone - Prism Blue","₦ 340,000"
"Samsung Galaxy Note 10 Lite  6.7-Inch (6GB RAM, 128GB ROM), Dual SIM 4500 MAh Smartphone - Aura Black","₦ 219,000"
"Samsung Galaxy A71- 6GB RAM- 128GB  ROM 6.7"" 4500mAh Dual Sim - Fingerprint- Prism Crush Black","₦ 185,000"
"Samsung Galaxy A2 Core 5"" 1GB RAM 16GB ROM 5MP + 5MP Camera Dual Sim 2600Mah  - Dark Grey","₦ 32,000"
"Samsung SAMSUNG A51 (6.5'', Android 10.0, 128GB/4GB, Quad Camera:48MP+12MP+5MP+5MP. Selfie 32MP, 4000mAh, 4G)","₦ 135,000"
"Samsung Galaxy S10 Plus (S10+) 6.4-Inch AMOLED (8GB, 128GB ROM) Android 9.0 Pie, (12MP + 12MP + 16MP)+(10MP+8MP) Dual SIM 4G Smartphone - Prism Black","₦ 340,000"
"Samsung Galaxy A71 6GB RAM 128GB ROM 6.7"" 4500mAh Dual Sim With 24 MONTH WARRANTY - Prism Crush Silver","₦ 185,000"
"Samsung Galaxy A71- 8GB RAM- 128GB  ROM 6.7"" 4500mAh Dual Sim - Fingerprint- Prism Crush Black","₦ 200,000"
Samsung Galaxy S20 6.2-Inch (8GB 128GB ROM) Android 10.0 (12MP + 64MP + 12MP)+(10MP) Dual SIM 4G - Cloud Pink,"₦ 420,000"
"Samsung Galaxy Note9 (6.4"") 128GB/6GB ROM Android 8.1 Nougat.12MP Camera Midnight Black","₦ 300,000"
Samsung Galaxy J7 Prime Flip Case Gold,"₦ 8,500"
"Samsung Galaxy A9 (2018) 6.3-Inches 6GB RAM, 128GB ROM Android 8.0 4G LTE Dual SIM - Bubblegum Pink","₦ 125,000"
"Samsung Galaxy A51 6.5-Inch - (4GB,128GB ROM) _ Android10.0, (48MP +12MP + 5MP + 5MP) + 32MP Dual SIM - Prism Crush Black","₦ 149,000"
"Samsung Galaxy Note 8 6.3-Inch QHD (6GB,64GB ROM) Android 7.1 Nougat, (12MP + 12MP) + 8MP SIM 4G LTE Smartphone - Grey","₦ 235,000"
Samsung Galaxy S20 6.2-Inch (8GB 128GB ROM) Android 10.0 (12MP + 64MP + 12MP)+(10MP) Dual SIM 4G - Cloud Blue,"₦ 415,000"
"Samsung Galaxy S10 Plus (S10+) 6.4-Inch AMOLED (8GB, 128GB ROM) - Prism Black  WIth Free Power Bank","₦ 355,000"
"Samsung Galaxy Note 10 Plus- 6.8-Inch (12GB RAM, 256GB ROM), (12MP + 16MP) Single SIM - Aura Black With Power Bank","₦ 475,000"
Samsung Galaxy A60 4G Phablet 6.3 Inch Android 9.0 6GB RAM 64GB ROM 32.0MP 3500mAh - Black,"₦ 102,210"
"Samsung Galaxy S8 Plus  6.2-Inch QHD (4GB RAM, 64GB ROM), Sim 4G LTE Smartphone - Midnight Black","₦ 135,000"
"Samsung Galaxy S8 Plus  Dual (S8+) 6.2-Inch (4GB RAM, 64GB ROM) Android 8.0 Nougat, 12MP+8MP, 4G LTE - Silver","₦ 135,000"
"Samsung Galaxy S9 5.8Inch QHD (64GB, 4GB RAM) Android 8.0 Oreo, 12MP + 8MP SIM 4G Smartphone Titanium Grey","₦ 265,000"
Samsung Galaxy Note 9 Single Sim (8GB RAM 128GB ROM) 6.4inches Qualcom Snapdragon (12mp + 12mp) +8mp,"₦ 220,000"
,
,
,
,
,
,
,
,
"Samsung Galaxy Note 9 6.4-Inch (6GB RAM, 128GB ROM) Midnight Black With Free Glass ","₦ 245,000"
"Samsung Galaxy S9 Plus (S9+) 6.2-Inch QHD (6GB,64GB ROM Android 8.0 Oreo, 12MP + 8MP 4G Smartphone - Black","₦ 200,000"
"Samsung Galaxy S9 Plus (S9+) 6.2-Inch QHD (6GB, 64GB ROM) Android 8.0 Oreo, 12MP + 8MP Dual SIM 4G Smartphone - Titanium Grey","₦ 198,000"
"Samsung Galaxy S8  Dous (6GB RAM,64GB ROM) - Purple With Free Glass & Back Case Cover","₦ 145,000"
"Samsung Galaxy Note 10 Plus (Note 10+) 6.8-Inch (12GB RAM, 256GB ROM) - Aura Glow","₦ 475,000"
"Samsung Galaxy S10 Plus (S10+) 6.4-Inch AMOLED (8GB, 128GB ROM) Android 9.0 Pie, - Prism Black","₦ 355,000"
"Samsung Galaxy Fold 7.3-Inch AMOLED (12GB,512GB ROM)Android 9.0 Pie, (16MP+12MP+12MP)+(10MP+8MP) 5G Smartphone - Cosmos Black","₦ 950,000"
Samsung Galaxy S8 (4GB+64GB) 5.8 Inches Single SIM Smartphone - Silver + Back Case Cover & Screen Guide,"₦ 125,000"
"Samsung Galaxy Note 9 - (6GB+128GB)-6.4""- Android 8.1, (12MP+12MP), S-Pen & Back Case Cover + Screen Guide","₦ 245,000"
"Samsung Galaxy S8 5.8-Inch QHD (4GB,64GB ROM) Android 7.0 Nougat, 12MP + 8MP  Smartphone - & Back Case Cover + Screen Guide","₦ 125,000"
Samsung Galaxy S8 Dous (4GB+64GB) 5.8 Inches Single SIM Smartphone - Black,"₦ 135,000"
"Samsung Galaxy S10 Plus (S10+) 6.4-Inch AMOLED (8GB, 128GB ROM) Android 9.0 Pie, - Prism Black","₦ 375,000"
"Samsung Galaxy S10 Plus (S10+) 6.4""AMOLED (8GB, 128GB ROM) Android 9.0 Pie,(12MP+12MP+16MP)+(10MP+8MP)SINGLE SIM 4G-black","₦ 355,000"
"Samsung Galaxy Note 10 Plus (Note 10+) 6.8-Inch (12GB RAM, 256GB ROM), (12MP + 16MP) Dual SIM 4,300 MAh Smartphone - Aura Black","₦ 385,000"
"Samsung Galaxy Note 8 6.3-Inch QHD (6GB,64GB ROM),dual Sim (12MP + 12MP) + 8MP 4G LTE Smartphone - Purple","₦ 185,000"
"Samsung Galaxy S8+ (S8 Plus) (4GB,64GB ROM) - Purple With Free Glass","₦ 135,000"
"Samsung Galaxy Note 9 6.4-Inch (6GB RAM, 128GB ROM) Android 8.1 (12MP + 12MP) 4G SIM LTE - Blue","₦ 235,000"
"Samsung Galaxy S10 Plus (S10+) 6.4-Inch AMOLED (8GB,128GB ROM) Android 9.0 Pie, 12MP + 12MP + 16MP Dual SIM 4G Smartphone BLACK","₦ 355,000"
"Samsung Galaxy Fold 7.3-Inch AMOLED (12GB,128GB ROM)Android 9.0 Pie, (16MP+12MP+12MP)+(10MP+8MP) 4G Smartphone - Space Silver","₦ 1,150,000"
"Samsung Galaxy S9 5.8-Inch QHD (4GB, 64GB ROM) Android 8.0 Oreo, 12MP + 8MP 4G Smartp Midnight Black & Back Case+ Screen Guide","₦ 195,000"
"Samsung Galaxy Note 10 Plus (Note 10+) 6.8-Inch (12GB RAM, 256GB ROM), (12MP + 16MP) Dual SIM 4,300 MAh Smartphone - Aura Black","₦ 397,000"
"Samsung Galaxy S10 Plus (S10+) 6.4-Inch AMOLED (8GB, 128GB ROM) Dual SIM 4G Smartphone - Prism White","₦ 355,000"
Samsung Galaxy S9+ 64GB Midnight Black 4G – S9 Plus + Back Case Cover & Screen Guide,"₦ 195,000"
Samsung Galaxy S7 Keyboard Cover,"₦ 11,800"
"Samsung Galaxy S9 5.8-Inch QHD (4GB, 64GB ROM) Android 8.0 Oreo, 12MP + 8MP Single SIM 4G Smartphone - Midnight Black","₦ 195,000"
"Samsung Galaxy Note9 6.4"" (6GB RAM, 128GB ROM) Android 8.1 Nougat 12MP+12MP Dual SIM LTE Smartphone- White","₦ 220,000"
"Samsung Galaxy Note 10 Plus (Note 10+) 6.8-Inch (12GB RAM, 256GB ROM) - Aura Glow + Power Bank And Free Glass ","₦ 385,000"
"Samsung Galaxy Note 9 (6.4"") 128GB + 6GB Android 8.1 Nougat 12MP Camera Midnight Black","₦ 240,000"
"Samsung Galaxy Note 10 (8gb+ 256GB) 6.3'',12MP 2x Zoom, 16MP Ultra Wide Rear+10MP Selfie Camera With Dual Pixel,3500mAh - S Pen.","₦ 378,000"
"Samsung Galaxy Note 8 6.3-Inch QHD (6GB,64GB ROM) Android 7.1 Nougat, - Maple Gold","₦ 195,000"
"Samsung Galaxy S9 Plus (S9+) 6.2-Inch QHD (6GB, 64GB ROM) Android 8.0 12MP + 8MP Dual SIM 4G Smartphone","₦ 195,000"
"Samsung Galaxy Note 8 6.3-Inch QHD (6GB,64GB ROM), (12MP + 12MP) + 8MP 4G LTE Smartphone - Midnight Black","₦ 175,000"
"Samsung Galaxy S10 6.1-Inch AMOLED (8GB RAM, 128GB ROM) 4G Sim- Black","₦ 233,000"
"Samsung Galaxy S8 Plus  4GSim (S8+) (4GB RAM, 64GB ROM Smartphone","₦ 135,000"
"Samsung Galaxy S9 Plus (6.2-Inch QHD (64gb) Android 8.0 Oreo, 12MP + 8MP Dual SIM 4G Smartphone - Midnight Black","₦ 195,000"
"Samsung Galaxy S8 Plus (4GB RAM, 64GB ROM)   - Black With Free Glass ","₦ 135,000"
"Samsung Galaxy S8 Plus (S8+) 6.2"" QHD (4GB RAM, 64GB ROM) - Black With Free Glass","₦ 135,000"
"Samsung Galaxy Note 8 6.3-Inch QHD (6GB,64GB ROM) - Midnight Black","₦ 185,000"
"Samsung Galaxy S8 5.8-Inch QHD (4GB,64GB ROM) Android 7.0 Nougat, 12MP + 8MP SIM LTE Smartphone - Midnight Black","₦ 196,000"
"Samsung Galaxy S10 Plus 6.4-Inch AMOLED (8GB, 128GB ROM) Android 9.0 Pie,(12MP + 12MP + 16MP)+(10MP+8MP) Dual SIM 4G - Pri","₦ 355,000"
,
,
,
,
,
,
,
,
"Samsung Galaxy Note 8 6.3-Inch QHD (6GB,64GB ROM) Android 7.1 Nougat, (12MP + 12MP) + Back Case Cover & Screen Guide","₦ 175,000"
Samsung Galaxy S20 Plus 6.7-Inch (8GB 128GB ROM) Android 10.0 (12MP + 64MP + 12MP + 0.3MP)+(10MP) Dual SIM 4G - Cloud Blue,"₦ 465,000"
"Samsung Galaxy Note 9 6.4-Inch (6GB RAM, 128GB ROM) Android 8.1 (12MP + 12MP) Dual SIM LTE - Ocean Blue","₦ 245,000"
"Samsung Galaxy S8 Plus (S8+) 6.2-Inch (4GB RAM, 64GB ROM) Android 7.0 Nougat, 12MP+8MP, 4G LTE Smartphone - Mid Night Black","₦ 145,000"
"Samsung Galaxy S9 Plus (S9+) 6.2-Inch QHD (6GB,64GB ROM Android 9.0 Pie 12MP + 8MP SIM 4G Smartphone","₦ 195,000"
Samsung Galaxy S9+ 64GB Polaris Blue 4G  – S9 Plus With Glass,"₦ 215,000"
Samsung Samsung Galaxy S9+ ( S9 Plus )6.2'' Inch QHD 6GB+64GB 12MP+8MP 4G Smartphone - Royal Blue,"₦ 195,000"
"Samsung Galaxy S8 Plus Single Sim (S8+) (4GB RAM, 64GB ROM Smartphone + Screen Guide","₦ 135,000"
"Samsung Samsung Galaxy S9 Plus (S9+) 6.2-Inch QHD (6GB, 64GB ROM) Android 8.0 Oreo, 12MP + 8MP Dual SIM 4G Smartphone - Purple","₦ 195,000"
"Samsung Galaxy Note 10, 6.3-Inch (8GB RAM, 256GB ROM), (12MP + 12MP + 16MP) Dual SIM - Aura Black","₦ 345,000"
"Samsung Galaxy S10 Plus (S10+) 6.4-Inch AMOLED (8GB, 128GB ROM) SIM 4G Smartphone - Prism White","₦ 355,000"
Samsung Galaxy S20 6.2-Inch (8GB 128GB ROM) Android 10.0 (12MP + 64MP + 12MP)+(10MP) Dual SIM 4G - Cosmic Grey,"₦ 435,000"
"Samsung Galaxy S10 Plus (S10+) 6.4-Inch AMOLED (8GB, 128GB ROM)  - SIM 4G Smartphone - Prism Black","₦ 355,000"
"Samsung Galaxy S10 Plus (S10+) 6.4-Inch  (8GB, 128GB ROM) Android 9.0 , (12MP + 12MP + 16MP)Dual SIM 4G - Prism White","₦ 355,000"
"Samsung A80,128GB,8GB RAM,ROTATING CAMERA 48MP+8MP+3D DEPTH CAMERA,4GLTE,6.7 INCHES FULL HD,GHOST WHITE","₦ 265,000"
Samsung Galaxy A60 4G Phablet 6.3 Inch Android 9.0 6GB RAM 128GB ROM 32.0MP 3500mAh - Black,"₦ 118,300"
"Samsung Galaxy S8 5.8-Inch QHD (4GB,64GB ROM) Android 7.0 Nougat, 12MP + 8MP  Smartphone - & Back Case Cover + Screen Guide","₦ 125,000"
"Samsung Galaxy Note 8 6.3-Inch QHD (6GB,64GB ROM)  - Midnight Blak","₦ 200,000"
"Samsung Galaxy Note 8 6.3-Inch QHD (6GB,64GB ROM)  - Midnight Black","₦ 185,000"
Samsung Samsung Galaxy Note 8  (6GB+64GB)  - Midnight Black With Power Bank & Case & Glass,"₦ 175,000"
"Samsung Galaxy S8 5.8 Inches (4GB,64GB ROM) Smartphone - Black","₦ 125,000"
"Samsung Galaxy S10 Plus (S10+) 6.4-Inch AMOLED (8GB, 128GB ROM) Dual SIM 4G Smartphone - Prism Green","₦ 355,000"
"Samsung Galaxy S8 Plus 6.2"" QHD (4GB RAM, 64GB ROM), 12MP+8MP, 4G LTE  & Back Case Cover + Screen Guide","₦ 135,000"
"Samsung Galaxy S10 6.1-Inch AMOLED (8GB, 128GB ROM) Android 9.0 Pie, 12MP + 12MP + 16MP Dual SIM 4G - Prism White","₦ 310,000"
"Samsung Galaxy S9 5.8-Inch QHD (4GB, 64GB ROM) Android 8.0 Oreo, 12MP + 8MP Dual SIM 4G Smartphone - Midnight Black","₦ 195,000"
Samsung Galaxy S20 Ultra 6.9-Inch (12GB 128GB ROM) Android 10.0 (108MP + 48MP + 12MP + 0.3MP)+(40MP) Dual SIM 4G - Cosmic Grey,"₦ 520,000"
"Samsung Galaxy Fold, 7.3-Inch (12GB RAM, 512GB ROM), (12MP + 12MP + 16MP) + (10MP + 8MP) Nano SIM - Cosmos Black","₦ 990,000"
"Samsung Galaxy S8 Plus (4GB RAM, 64GB ROM)   - Black WIth Free Glass And Back Case","₦ 135,000"
"Samsung Galaxy Note 10 Plus (Note 10+), 6.8-Inch (12GB RAM, 512GB ROM), (12MP + 12MP + 16MP)  - Aura Black","₦ 550,000"
"Samsung Galaxy Note 10 Plus (Note 10+) 6.8-Inch (12GB RAM, 256GB ROM) - Aura Glow","₦ 398,000"
"Samsung Galaxy S10 Plus (S10+) 6.4-Inch AMOLED (8GB, 128GB ROM) - Prism Black  WIth Glass","₦ 355,000"
"Samsung Galaxy Note 10 Plus (Note 10+), 6.8-Inch (12GB RAM, 512GB ROM), (12MP + 12MP + 16MP)  - Aura Black","₦ 550,000"
"Samsung Galaxy A30s, 6.4-Inch (4GB RAM, 64GB ROM) Android 9.0 Pie, (25MP + 8MP + 8MP) 4G LTE Dual SIM - Prism Crush Black","₦ 96,900"
"Samsung Galaxy A10s 6.2-Inch (2GB RAM, 32GB ROM) 4000mAh Battery ","₦ 63,000"
"Samsung SAMSUNG A51 (6.5'', Android 10.0, 128GB/4GB, Quad Camera:48MP+12MP+5MP+5MP. Selfie 32MP, 4000mAh, 4G)","₦ 142,800"
"Samsung SAMSUNG A51 (6.5'', Android 10.0, 128GB/4GB, Quad Camera:48MP+12MP+5MP+5MP. Selfie 32MP, 4000mAh, 4G)","₦ 142,800"
"Samsung SAMSUNG A51 (6.5'', Android 10.0, 128GB/4GB, Quad Camera:48MP+12MP+5MP+5MP. Selfie 32MP, 4000mAh, 4G)","₦ 142,800"
"Samsung GALAXY A10s (6.2'', 2GB/32GB, Andriod 9.0 Pie, 13MP+2MP Back Camera, 8MP Selfie Camera, 4000mAh, 4G - BLUE","₦ 62,500"
"Samsung Galaxy S8 Plus (S8+) 6.2-Inch (4GB RAM, 64GB ROM) Android 7.0 Nougat, 12MP+8MP, 4G LTE  Orchid Grey","₦ 165,000"
Samsung Galaxy Watch Active 2 44mm - 1.5GB Ram / 4GB Rom -  Aqua Black,"₦ 130,000"
,
,
,
,
,
,
,
,
"Samsung GALAXY A10s (6.2'', 2GB/32GB, Andriod 9.0 Pie, 13MP+2MP Back Camera, 8MP Selfie Camera, 4000mAh, 4G - RED","₦ 62,500"
"Samsung Galaxy S8 Plus (S8+) 6.2-Inch QHD (4GB,64GB ROM) Android 7.0 Nougat, 12MP + 8MP LTE Smartphone - Maple Gold","₦ 399,000"
"Samsung Galaxy A01 5.7 -Inch Infinity-V Display (2GB,16GB ROM) Android 10.0, (13MP+2MP) + 5MP  Dual SIM - Black","₦ 52,000"
"Samsung Galaxy A01 5.7 -Inch Infinity-V Display (2GB,16GB ROM) Android 10.0, (13MP+2MP) + 5MP  Dual SIM - Blue","₦ 52,000"
"Samsung Galaxy M30s 6.4 Inch 4GB, 64GB ROM,Android 9.0 Pie (48MP+5MP+8MP) + 16MP Dual SIM - White","₦ 100,000"
"Samsung Galaxy A51 6.5-Inch (6GB,128GB ROM) Android10.0, (48MP +12MP + 5MP + 5MP) + 32MP Dual SIM - Prism Crush White","₦ 142,500"
"Samsung Galaxy A10s 6.2-Inch (2G/32GB ROM) Android 9.0 Pie, (13MP + 2MP) + 8MP, 4000 MAh 4G LTE, Fingerprint Dual Sim - Blue","₦ 61,500"
"Samsung Galaxy S10 Plus (S10+) 6.4"" (8GB, 128GB ROM) Android 9.0 Pie, 12MP + 12MP + 16MP Dual SIM 4G - Prism Black","₦ 330,000"
"Samsung Galaxy A71 6.7-Inch (6GB, 128GB ROM) Android10.0, 64MP+12MP+5MP +5MP) + 32MP 4G LTE Dual SIM - Prism Crush Blue","₦ 190,000"
"Samsung Galaxy S8+ S8 Plus LTE Android Cell Phone 6.2"" 12MP (4GB, 64GB ROM)-Royal Blue","₦ 155,000"
"Samsung Galaxy M11 6.4-Inch (3GB, 32GB ROM) Android 10, (13MP+5MP+2MP) + 8MP Dual SIM 5,000 MAh 4G - Metallic Blue","₦ 63,990"
"Samsung Galaxy M30s 6.4 Inch 4GB, 64GB ROM,Android 9.0 Pie (48MP+5MP+8MP) + 16MP Dual SIM - White","₦ 100,000"
Samsung Galaxy S7 PLUS Tempered Glass Screen Protector (Full Screen Coverage) - Gold,"₦ 4,499"
Samsung S8 Clear Crystal TPU Phone Case,"₦ 2,500"
Samsung Galaxy Note 8 Clear View Smart Cover -Black,"₦ 15,950"
Samsung Galaxy S8 Battery Power External Extended Backup Case [5000mAh],"₦ 17,500"
"Samsung Galaxy Fold, 7.3-Inch (12GB RAM, 512GB ROM), (12MP + 12MP + 16MP) + (10MP + 8MP) Nano SIM - Cosmos Black","₦ 950,000"
"Samsung Samsung Galaxy Note 10 Plus 6.8-Inch (12GB RAM, 256GB ROM), (12MP + 16MP) Single SIM 4,300 MAh Smartphone - Aura Glow","₦ 375,000"
"Samsung Galaxy S9 5.8-Inch QHD (4GB, 64GB ROM) Android 8.0 Oreo, 12MP + 8MP 4G Smartphone - Midnight Black","₦ 140,000"
Samsung Samsung Galaxy S9+ ( S9 Plus ) Duel Sim ( 2 Sim Card)6.2'' Inch QHD 6GB+64GB 12MP+8MP 4G Smartphone - Royal Blue,"₦ 180,000"
"Samsung Galaxy S10+ 5.8-Inch AMOLED (6GB, 128GB ROM) Android 9.0 Pie, (12MP + 16MP)+10MP 5G Smartphone - WHITE","₦ 280,000"
"Samsung Galaxy S7 Edge (4GB, 32GB ROM) 12MP + 5MP Smartphone - Black And Blue","₦ 105,000"
"Samsung Samsung Galaxy S8  (4GB RAM,64GB ROM)  Jet Black Stylish","₦ 130,000"
"Samsung Galaxy A70 6.7-Inch (6GB, 128GB ROM) Android 9.0 Pie, (32MP+8MP+5MP) + 32MP Dual SIM 4G Fingerprint Smartphone - Black","₦ 145,000"
"Samsung Galaxy A70 6.7-Inch (6GB, 128GB ROM) Android 9.0 Pie, (32MP+8MP+5MP) + 32MP Dual SIM 4G Fingerprint Smartphone - Black","₦ 145,000"
"Samsung Galaxy Fold 7.3-Inch AMOLED (12GB,512GB ROM)Android 9.0 Pie, (16MP+12MP+12MP)+(10MP+8MP) 5G Smartphone - Space Silver","₦ 950,000"
"Samsung Galaxy A80 6.7"" Dual Sim, 128GB ROM 8GB RAM Camera 48.0 MP + 8.0 MP + HQVGA 3,700mAh 4G LTE - Angel Gold","₦ 180,500"
"Samsung Samsung Galaxy S8+ S8 Plus LTE Android Cell Phone  6.2"" 12MP 4G 64G Snapdragon 835 NFC","₦ 140,000"
"Samsung Galaxy S10 Plus (S10+) 6.4-Inch AMOLED (8GB, 128GB ROM) (12MP + 12MP + 16MP)+(10MP+8MP) 4G- Prism White","₦ 280,000"
"Samsung Samsung Galaxy S10 Plus (S10+) (8GB, 128GB ROM) Android 9.0 Pie, 4G LTE Smartphone - Ceramic Black","₦ 280,000"
"Samsung Galaxy A50 Android  6.4""  Infinity U-display 4GB 128GB  48MP 4000mAh Battery NFC Smartphone","₦ 130,000"
"Samsung Galaxy S10 6.1-Inch AMOLED (8GB,128GB ROM) Android 9.0 Pie, 12MP + 12MP + 16MP  4G - Prism White","₦ 260,000"
"Samsung Galaxy Note 9 6.4-Inch (6GB RAM, 128GB ROM) Midnight Black Android 8.1 Nougat, (12MP + 12MP) LTE Smartphone","₦ 240,000"
Samsung Galaxy S9 5.8'' Inch QHD 4GB+64GB 12MP+8MP 4G Smartphone-Midnight Black,"₦ 145,000"
"Samsung Galaxy Note 9 6.4-Inch (6GB RAM, 128GB ROM) Android 8.1 (12MP + 12MP) Dual SIM LTE - Ocean Blue","₦ 240,000"
"Samsung Galaxy S8 5.8-Inch QHD (4GB, 64GB ROM) Android 7.0 Nougat, 12MP + 8MP Smartphone (Official Warranty) + Free Starter Kit & E1205 - Midnight Black","₦ 320,000"
"Samsung Galaxy S9 Plus (S9+) 6.2-Inch QHD (6GB, 64GB ROM) Android 8.0 Oreo, 12MP + 8MP Dual SIM 4G Smartphone - Midnight Black","₦ 241,500"
"Samsung Galaxy S7 Edge SM-G935 5.5-Inch QHD (4GB, 32GB ROM) Android 5.1 Lollipop, 12MP + 5MP Smartphone + Free Clear View Cover - Black","₦ 243,910"
Samsung Galaxy A3 SM-A300F - Midnight Black,"₦ 50,857"
"Samsung Galaxy J7 Prime 5.5-Inch FHD (3GB, 32GB ROM) Android 6.0 Marshmallow, 13MP + 8MP 4G Smartphone - Gold (MW18) (FS)","₦ 79,990"
